highway,latitude,longitude,timestamp,speed_kmh,density_veh,incident_flag,rain_mm,rain_flag,visibility_m,fog_flag,wind_kmh,temp_c,condition,speed_risk,density_risk,weather_risk
NH-48 Jaipur-Delhi,27.032600000000002,76.0592,2026-03-26T18:15:56.480727,35.2,152,0,0,0,24140,0,1.1,30.8,Partly cloudy,0.648,0.76,0.0022
NH-48 Jaipur-Delhi,26.620900000000002,75.7116,2026-03-26T18:15:56.480727,53.1,129,0,0,0,24140,0,1.1,30.8,Partly cloudy,0.469,0.645,0.0022
NH-48 Jaipur-Delhi,26.669600000000003,75.5387,2026-03-26T18:15:56.480727,67.3,124,0,0,0,24140,0,1.1,30.8,Partly cloudy,0.327,0.62,0.0022
NH-48 Jaipur-Delhi,26.7894,75.485,2026-03-26T18:15:56.480727,63.6,149,0,0,0,24140,0,1.1,30.8,Partly cloudy,0.364,0.745,0.0022
NH-48 Jaipur-Delhi,26.924200000000003,75.5857,2026-03-26T18:15:56.480727,32.9,134,0,0,0,24140,0,1.1,30.8,Partly cloudy,0.6709999999999999,0.67,0.0022
NH-48 Jaipur-Delhi,27.165100000000002,75.55290000000001,2026-03-26T18:15:56.480727,35.5,133,0,0,0,24140,0,1.1,30.8,Partly cloudy,0.645,0.665,0.0022
NH-48 Jaipur-Delhi,27.0177,75.8513,2026-03-26T18:15:56.480727,36.1,135,1,0,0,24140,0,1.1,30.8,Partly cloudy,0.639,0.675,0.0022
NH-48 Jaipur-Delhi,26.912100000000002,76.0483,2026-03-26T18:15:56.480727,49.7,85,1,0,0,24140,0,1.1,30.8,Partly cloudy,0.503,0.425,0.0022
NH-48 Jaipur-Delhi,26.6615,76.0539,2026-03-26T18:15:56.480727,31.2,92,1,0,0,24140,0,1.1,30.8,Partly cloudy,0.688,0.46,0.0022
NH-48 Jaipur-Delhi,26.7357,75.49340000000001,2026-03-26T18:15:56.480727,74.7,163,0,0,0,24140,0,1.1,30.8,Partly cloudy,0.25299999999999995,0.815,0.0022
NH-48 Jaipur-Delhi,26.857000000000003,75.4401,2026-03-26T18:15:56.480727,54.4,160,0,0,0,24140,0,1.1,30.8,Partly cloudy,0.456,0.8,0.0022
NH-48 Jaipur-Delhi,26.7424,75.4294,2026-03-26T18:15:56.480727,43.5,132,0,0,0,24140,0,1.1,30.8,Partly cloudy,0.565,0.66,0.0022
NH-48 Jaipur-Delhi,26.8308,76.0427,2026-03-26T18:15:56.480727,55.9,160,0,0,0,24140,0,1.1,30.8,Partly cloudy,0.441,0.8,0.0022
NH-48 Jaipur-Delhi,26.6749,75.8055,2026-03-26T18:15:56.480727,43.8,182,0,0,0,24140,0,1.1,30.8,Partly cloudy,0.562,0.91,0.0022
NH-48 Jaipur-Delhi,27.263800000000003,76.26180000000001,2026-03-26T18:15:56.480727,68.5,124,0,0,0,24140,0,1.1,30.8,Partly cloudy,0.315,0.62,0.0022
NH-48 Jaipur-Delhi,27.1459,75.5943,2026-03-26T18:15:56.480727,68.6,82,0,0,0,24140,0,1.1,30.8,Partly cloudy,0.31400000000000006,0.41,0.0022
NH-48 Jaipur-Delhi,26.991200000000003,75.686,2026-03-26T18:15:56.480727,88.7,129,0,0,0,24140,0,1.1,30.8,Partly cloudy,0.11299999999999998,0.645,0.0022
NH-48 Jaipur-Delhi,27.4124,76.2813,2026-03-26T18:15:56.480727,76.1,153,1,0,0,24140,0,1.1,30.8,Partly cloudy,0.23900000000000005,0.765,0.0022
NH-48 Jaipur-Delhi,26.561600000000002,75.7295,2026-03-26T18:15:56.480727,70.4,142,0,0,0,24140,0,1.1,30.8,Partly cloudy,0.29599999999999993,0.71,0.0022
NH-48 Jaipur-Delhi,26.5135,75.9297,2026-03-26T18:15:56.480727,44.3,84,0,0,0,24140,0,1.1,30.8,Partly cloudy,0.557,0.42,0.0022
NH-48 Jaipur-Delhi,26.5531,75.9574,2026-03-26T18:15:56.480727,65.8,83,0,0,0,24140,0,1.1,30.8,Partly cloudy,0.342,0.415,0.0022
NH-48 Jaipur-Delhi,26.7012,75.83500000000001,2026-03-26T18:15:56.480727,48.6,116,0,0,0,24140,0,1.1,30.8,Partly cloudy,0.514,0.58,0.0022
NH-48 Jaipur-Delhi,26.7698,75.9656,2026-03-26T18:15:56.480727,41.9,178,0,0,0,24140,0,1.1,30.8,Partly cloudy,0.581,0.89,0.0022
NH-48 Jaipur-Delhi,26.953000000000003,76.1665,2026-03-26T18:15:56.480727,39.6,100,0,0,0,24140,0,1.1,30.8,Partly cloudy,0.604,0.5,0.0022
NH-48 Jaipur-Delhi,26.427500000000002,76.0128,2026-03-26T18:15:56.480727,79.1,161,0,0,0,24140,0,1.1,30.8,Partly cloudy,0.20900000000000005,0.805,0.0022
NH-48 Jaipur-Delhi,26.5805,75.4252,2026-03-26T18:15:56.480727,44.6,138,0,0,0,24140,0,1.1,30.8,Partly cloudy,0.5539999999999999,0.69,0.0022
NH-48 Jaipur-Delhi,27.293300000000002,76.2206,2026-03-26T18:15:56.480727,43.2,141,0,0,0,24140,0,1.1,30.8,Partly cloudy,0.568,0.705,0.0022
NH-48 Jaipur-Delhi,27.380300000000002,75.4574,2026-03-26T18:15:56.480727,85.6,115,1,0,0,24140,0,1.1,30.8,Partly cloudy,0.14400000000000004,0.575,0.0022
NH-48 Jaipur-Delhi,27.141900000000003,75.4019,2026-03-26T18:15:56.480727,42.3,148,0,0,0,24140,0,1.1,30.8,Partly cloudy,0.5770000000000001,0.74,0.0022
NH-48 Jaipur-Delhi,27.3941,75.9671,2026-03-26T18:15:56.480727,59.5,95,1,0,0,24140,0,1.1,30.8,Partly cloudy,0.405,0.475,0.0022
NH-48 Jaipur-Delhi,26.978800000000003,76.2654,2026-03-26T18:15:56.480727,59.6,167,0,0,0,24140,0,1.1,30.8,Partly cloudy,0.40399999999999997,0.835,0.0022
NH-48 Jaipur-Delhi,27.0531,75.3792,2026-03-26T18:15:56.480727,67.1,125,0,0,0,24140,0,1.1,30.8,Partly cloudy,0.32900000000000007,0.625,0.0022
NH-48 Jaipur-Delhi,26.6507,75.6643,2026-03-26T18:15:56.480727,65.3,150,0,0,0,24140,0,1.1,30.8,Partly cloudy,0.34700000000000003,0.75,0.0022
NH-48 Jaipur-Delhi,26.736500000000003,76.0019,2026-03-26T18:15:56.480727,61.6,151,0,0,0,24140,0,1.1,30.8,Partly cloudy,0.384,0.755,0.0022
NH-48 Jaipur-Delhi,26.6765,76.2479,2026-03-26T18:15:56.480727,19.6,184,0,0,0,24140,0,1.1,30.8,Partly cloudy,0.804,0.92,0.0022
NH-48 Jaipur-Delhi,26.7345,75.7921,2026-03-26T18:15:56.480727,71.0,84,0,0,0,24140,0,1.1,30.8,Partly cloudy,0.29,0.42,0.0022
NH-48 Jaipur-Delhi,27.2024,76.0064,2026-03-26T18:15:56.480727,60.1,139,0,0,0,24140,0,1.1,30.8,Partly cloudy,0.39899999999999997,0.695,0.0022
NH-48 Jaipur-Delhi,26.6674,76.1834,2026-03-26T18:15:56.480727,72.9,192,0,0,0,24140,0,1.1,30.8,Partly cloudy,0.27099999999999996,0.96,0.0022
NH-48 Jaipur-Delhi,26.709000000000003,76.1093,2026-03-26T18:15:56.480727,71.7,186,0,0,0,24140,0,1.1,30.8,Partly cloudy,0.283,0.93,0.0022
NH-48 Jaipur-Delhi,26.7042,76.0673,2026-03-26T18:15:56.480727,52.1,161,0,0,0,24140,0,1.1,30.8,Partly cloudy,0.479,0.805,0.0022
NH-48 Jaipur-Delhi,26.6656,75.7868,2026-03-26T18:15:56.480727,62.0,197,0,0,0,24140,0,1.1,30.8,Partly cloudy,0.38,0.985,0.0022
NH-48 Jaipur-Delhi,26.974700000000002,76.2372,2026-03-26T18:15:56.480727,62.5,98,0,0,0,24140,0,1.1,30.8,Partly cloudy,0.375,0.49,0.0022
NH-48 Jaipur-Delhi,27.2753,75.632,2026-03-26T18:15:56.480727,34.6,199,0,0,0,24140,0,1.1,30.8,Partly cloudy,0.654,0.995,0.0022
NH-48 Jaipur-Delhi,26.932100000000002,75.4114,2026-03-26T18:15:56.480727,50.9,191,0,0,0,24140,0,1.1,30.8,Partly cloudy,0.491,0.955,0.0022
NH-48 Jaipur-Delhi,26.8382,75.7931,2026-03-26T18:15:56.480727,57.8,191,0,0,0,24140,0,1.1,30.8,Partly cloudy,0.42200000000000004,0.955,0.0022
NH-48 Jaipur-Delhi,27.3108,75.6847,2026-03-26T18:15:56.480727,45.4,161,0,0,0,24140,0,1.1,30.8,Partly cloudy,0.546,0.805,0.0022
NH-48 Jaipur-Delhi,27.1479,76.2716,2026-03-26T18:15:56.480727,85.2,127,0,0,0,24140,0,1.1,30.8,Partly cloudy,0.14799999999999996,0.635,0.0022
NH-48 Jaipur-Delhi,27.1029,76.1341,2026-03-26T18:15:56.480727,45.5,157,0,0,0,24140,0,1.1,30.8,Partly cloudy,0.545,0.785,0.0022
NH-48 Jaipur-Delhi,26.980500000000003,76.2272,2026-03-26T18:15:56.480727,63.6,193,0,0,0,24140,0,1.1,30.8,Partly cloudy,0.364,0.965,0.0022
NH-48 Jaipur-Delhi,27.172800000000002,75.35770000000001,2026-03-26T18:15:56.480727,95.8,161,0,0,0,24140,0,1.1,30.8,Partly cloudy,0.04200000000000003,0.805,0.0022
NH-48 Jaipur-Delhi,26.899,76.2084,2026-03-26T18:15:56.480727,35.9,85,0,0,0,24140,0,1.1,30.8,Partly cloudy,0.6409999999999999,0.425,0.0022
NH-48 Jaipur-Delhi,26.9338,75.45,2026-03-26T18:15:56.480727,73.5,155,0,0,0,24140,0,1.1,30.8,Partly cloudy,0.265,0.775,0.0022
NH-48 Jaipur-Delhi,26.4276,75.9472,2026-03-26T18:15:56.480727,70.7,179,0,0,0,24140,0,1.1,30.8,Partly cloudy,0.293,0.895,0.0022
NH-48 Jaipur-Delhi,27.287300000000002,75.4226,2026-03-26T18:15:56.480727,60.7,124,0,0,0,24140,0,1.1,30.8,Partly cloudy,0.39299999999999996,0.62,0.0022
NH-48 Jaipur-Delhi,27.1001,75.8867,2026-03-26T18:15:56.480727,34.6,199,0,0,0,24140,0,1.1,30.8,Partly cloudy,0.654,0.995,0.0022
NH-48 Jaipur-Delhi,27.2159,76.2767,2026-03-26T18:15:56.480727,74.5,144,0,0,0,24140,0,1.1,30.8,Partly cloudy,0.255,0.72,0.0022
NH-48 Jaipur-Delhi,26.9312,75.523,2026-03-26T18:15:56.480727,66.4,146,0,0,0,24140,0,1.1,30.8,Partly cloudy,0.33599999999999997,0.73,0.0022
NH-48 Jaipur-Delhi,27.030700000000003,76.1649,2026-03-26T18:15:56.480727,59.5,176,0,0,0,24140,0,1.1,30.8,Partly cloudy,0.405,0.88,0.0022
NH-48 Jaipur-Delhi,27.3928,75.9076,2026-03-26T18:15:56.480727,40.8,99,0,0,0,24140,0,1.1,30.8,Partly cloudy,0.5920000000000001,0.495,0.0022
NH-48 Jaipur-Delhi,27.3534,75.35940000000001,2026-03-26T18:15:56.480727,44.4,191,0,0,0,24140,0,1.1,30.8,Partly cloudy,0.556,0.955,0.0022
NH-48 Jaipur-Delhi,26.5091,75.589,2026-03-26T18:15:56.480727,57.8,196,0,0,0,24140,0,1.1,30.8,Partly cloudy,0.42200000000000004,0.98,0.0022
NH-48 Jaipur-Delhi,27.0256,75.5962,2026-03-26T18:15:56.480727,59.6,118,0,0,0,24140,0,1.1,30.8,Partly cloudy,0.40399999999999997,0.59,0.0022
NH-48 Jaipur-Delhi,27.367600000000003,75.8034,2026-03-26T18:15:56.480727,84.1,87,0,0,0,24140,0,1.1,30.8,Partly cloudy,0.15900000000000006,0.435,0.0022
NH-48 Jaipur-Delhi,26.9493,75.7022,2026-03-26T18:15:56.480727,71.0,141,0,0,0,24140,0,1.1,30.8,Partly cloudy,0.29,0.705,0.0022
NH-48 Jaipur-Delhi,27.375500000000002,75.9651,2026-03-26T18:15:56.480727,50.0,91,0,0,0,24140,0,1.1,30.8,Partly cloudy,0.5,0.455,0.0022
NH-48 Jaipur-Delhi,26.728,75.8616,2026-03-26T18:15:56.480727,74.3,83,0,0,0,24140,0,1.1,30.8,Partly cloudy,0.257,0.415,0.0022
NH-48 Jaipur-Delhi,26.7819,75.9019,2026-03-26T18:15:56.480727,53.5,150,0,0,0,24140,0,1.1,30.8,Partly cloudy,0.465,0.75,0.0022
NH-48 Jaipur-Delhi,27.3765,75.646,2026-03-26T18:15:56.480727,56.6,155,0,0,0,24140,0,1.1,30.8,Partly cloudy,0.434,0.775,0.0022
NH-48 Jaipur-Delhi,27.238500000000002,76.138,2026-03-26T18:15:56.480727,35.6,189,0,0,0,24140,0,1.1,30.8,Partly cloudy,0.644,0.945,0.0022
NH-48 Jaipur-Delhi,26.576400000000003,75.5437,2026-03-26T18:15:56.480727,41.9,192,0,0,0,24140,0,1.1,30.8,Partly cloudy,0.581,0.96,0.0022
NH-48 Jaipur-Delhi,27.1492,75.3452,2026-03-26T18:15:56.480727,40.3,175,1,0,0,24140,0,1.1,30.8,Partly cloudy,0.597,0.875,0.0022
NH-48 Jaipur-Delhi,26.7784,75.9751,2026-03-26T18:15:56.480727,41.4,161,0,0,0,24140,0,1.1,30.8,Partly cloudy,0.586,0.805,0.0022
NH-48 Jaipur-Delhi,26.477800000000002,75.9466,2026-03-26T18:15:56.480727,38.7,155,0,0,0,24140,0,1.1,30.8,Partly cloudy,0.613,0.775,0.0022
NH-48 Jaipur-Delhi,26.7677,75.64750000000001,2026-03-26T18:15:56.480727,54.4,101,0,0,0,24140,0,1.1,30.8,Partly cloudy,0.456,0.505,0.0022
NH-48 Jaipur-Delhi,27.1078,75.4567,2026-03-26T18:15:56.480727,68.7,133,0,0,0,24140,0,1.1,30.8,Partly cloudy,0.31299999999999994,0.665,0.0022
NH-48 Jaipur-Delhi,26.9963,75.4614,2026-03-26T18:15:56.480727,34.8,97,0,0,0,24140,0,1.1,30.8,Partly cloudy,0.652,0.485,0.0022
NH-48 Jaipur-Delhi,27.1504,75.3974,2026-03-26T18:15:56.480727,61.2,182,0,0,0,24140,0,1.1,30.8,Partly cloudy,0.38799999999999996,0.91,0.0022
NH-48 Jaipur-Delhi,26.8503,75.7021,2026-03-26T18:15:56.480727,91.9,101,0,0,0,24140,0,1.1,30.8,Partly cloudy,0.08099999999999995,0.505,0.0022
NH-48 Jaipur-Delhi,27.346300000000003,76.1003,2026-03-26T18:15:56.480727,73.1,163,1,0,0,24140,0,1.1,30.8,Partly cloudy,0.2690000000000001,0.815,0.0022
NH-48 Jaipur-Delhi,26.9583,75.6849,2026-03-26T18:15:56.480727,37.9,100,0,0,0,24140,0,1.1,30.8,Partly cloudy,0.621,0.5,0.0022
NH-48 Jaipur-Delhi,26.849300000000003,75.5174,2026-03-26T18:15:56.480727,62.9,137,0,0,0,24140,0,1.1,30.8,Partly cloudy,0.371,0.685,0.0022
NH-48 Jaipur-Delhi,26.9154,75.901,2026-03-26T18:15:56.480727,65.7,165,0,0,0,24140,0,1.1,30.8,Partly cloudy,0.34299999999999997,0.825,0.0022
NH-48 Jaipur-Delhi,26.5422,75.7506,2026-03-26T18:15:56.480727,48.7,146,0,0,0,24140,0,1.1,30.8,Partly cloudy,0.513,0.73,0.0022
NH-48 Jaipur-Delhi,26.955000000000002,75.7593,2026-03-26T18:15:56.480727,31.3,104,0,0,0,24140,0,1.1,30.8,Partly cloudy,0.687,0.52,0.0022
NH-48 Jaipur-Delhi,27.134600000000002,75.7924,2026-03-26T18:15:56.480727,59.7,98,0,0,0,24140,0,1.1,30.8,Partly cloudy,0.40299999999999997,0.49,0.0022
NH-48 Jaipur-Delhi,26.4691,75.7639,2026-03-26T18:15:56.480727,80.1,102,0,0,0,24140,0,1.1,30.8,Partly cloudy,0.19900000000000007,0.51,0.0022
NH-48 Jaipur-Delhi,26.9329,75.4365,2026-03-26T18:15:56.480727,74.1,136,0,0,0,24140,0,1.1,30.8,Partly cloudy,0.25900000000000006,0.68,0.0022
NH-48 Jaipur-Delhi,27.366300000000003,75.5781,2026-03-26T18:15:56.480727,61.5,111,0,0,0,24140,0,1.1,30.8,Partly cloudy,0.385,0.555,0.0022
NH-48 Jaipur-Delhi,26.523600000000002,76.0731,2026-03-26T18:15:56.480727,66.5,155,0,0,0,24140,0,1.1,30.8,Partly cloudy,0.335,0.775,0.0022
NH-48 Jaipur-Delhi,27.218200000000003,75.7715,2026-03-26T18:15:56.480727,39.8,96,0,0,0,24140,0,1.1,30.8,Partly cloudy,0.602,0.48,0.0022
NH-48 Jaipur-Delhi,27.250500000000002,75.5907,2026-03-26T18:15:56.480727,55.9,123,0,0,0,24140,0,1.1,30.8,Partly cloudy,0.441,0.615,0.0022
NH-48 Jaipur-Delhi,26.9905,75.5423,2026-03-26T18:15:56.480727,68.9,181,0,0,0,24140,0,1.1,30.8,Partly cloudy,0.31099999999999994,0.905,0.0022
NH-48 Jaipur-Delhi,26.8887,75.709,2026-03-26T18:15:56.480727,58.0,189,0,0,0,24140,0,1.1,30.8,Partly cloudy,0.42,0.945,0.0022
NH-48 Jaipur-Delhi,27.1094,75.7431,2026-03-26T18:15:56.480727,62.7,109,1,0,0,24140,0,1.1,30.8,Partly cloudy,0.373,0.545,0.0022
NH-48 Jaipur-Delhi,26.6883,75.5399,2026-03-26T18:15:56.480727,75.2,149,0,0,0,24140,0,1.1,30.8,Partly cloudy,0.24799999999999997,0.745,0.0022
NH-48 Jaipur-Delhi,26.892500000000002,75.3445,2026-03-26T18:15:56.480727,25.2,158,0,0,0,24140,0,1.1,30.8,Partly cloudy,0.748,0.79,0.0022
NH-48 Jaipur-Delhi,27.186400000000003,75.7739,2026-03-26T18:15:56.480727,58.5,188,0,0,0,24140,0,1.1,30.8,Partly cloudy,0.415,0.94,0.0022
NH-48 Jaipur-Delhi,26.8351,75.4986,2026-03-26T18:15:56.480727,66.2,138,0,0,0,24140,0,1.1,30.8,Partly cloudy,0.33799999999999997,0.69,0.0022
NH-48 Jaipur-Delhi,27.155900000000003,75.4729,2026-03-26T18:15:56.480727,51.9,83,0,0,0,24140,0,1.1,30.8,Partly cloudy,0.48100000000000004,0.415,0.0022
NH-48 Jaipur-Delhi,27.124000000000002,76.2718,2026-03-26T18:15:56.480727,40.6,94,0,0,0,24140,0,1.1,30.8,Partly cloudy,0.594,0.47,0.0022
NH-44 Delhi-Srinagar,28.5971,77.6374,2026-03-26T18:15:56.480727,51.6,138,0,0,0,24140,0,9.4,28.4,Partly cloudy,0.484,0.69,0.0188
NH-44 Delhi-Srinagar,28.445700000000002,77.6513,2026-03-26T18:15:56.480727,43.3,190,0,0,0,24140,0,9.4,28.4,Partly cloudy,0.5670000000000001,0.95,0.0188
NH-44 Delhi-Srinagar,28.186,77.12400000000001,2026-03-26T18:15:56.480727,63.5,162,0,0,0,24140,0,9.4,28.4,Partly cloudy,0.365,0.81,0.0188
NH-44 Delhi-Srinagar,28.444000000000003,76.7482,2026-03-26T18:15:56.480727,55.6,109,0,0,0,24140,0,9.4,28.4,Partly cloudy,0.444,0.545,0.0188
NH-44 Delhi-Srinagar,29.105,77.555,2026-03-26T18:15:56.480727,47.3,114,0,0,0,24140,0,9.4,28.4,Partly cloudy,0.527,0.57,0.0188
NH-44 Delhi-Srinagar,28.980900000000002,76.7867,2026-03-26T18:15:56.480727,50.8,160,0,0,0,24140,0,9.4,28.4,Partly cloudy,0.49200000000000005,0.8,0.0188
NH-44 Delhi-Srinagar,28.4127,77.1684,2026-03-26T18:15:56.480727,62.4,162,0,0,0,24140,0,9.4,28.4,Partly cloudy,0.376,0.81,0.0188
NH-44 Delhi-Srinagar,28.5763,77.4915,2026-03-26T18:15:56.480727,108.0,103,0,0,0,24140,0,9.4,28.4,Partly cloudy,0.0,0.515,0.0188
NH-44 Delhi-Srinagar,28.7088,77.67660000000001,2026-03-26T18:15:56.480727,63.7,93,0,0,0,24140,0,9.4,28.4,Partly cloudy,0.363,0.465,0.0188
NH-44 Delhi-Srinagar,28.4545,76.9089,2026-03-26T18:15:56.480727,75.3,129,0,0,0,24140,0,9.4,28.4,Partly cloudy,0.24700000000000003,0.645,0.0188
NH-44 Delhi-Srinagar,28.3079,76.9858,2026-03-26T18:15:56.480727,46.0,166,0,0,0,24140,0,9.4,28.4,Partly cloudy,0.54,0.83,0.0188
NH-44 Delhi-Srinagar,28.2862,76.96520000000001,2026-03-26T18:15:56.480727,82.3,196,0,0,0,24140,0,9.4,28.4,Partly cloudy,0.17700000000000002,0.98,0.0188
NH-44 Delhi-Srinagar,28.6144,76.8144,2026-03-26T18:15:56.480727,65.2,157,0,0,0,24140,0,9.4,28.4,Partly cloudy,0.348,0.785,0.0188
NH-44 Delhi-Srinagar,29.0117,77.6162,2026-03-26T18:15:56.480727,52.9,151,1,0,0,24140,0,9.4,28.4,Partly cloudy,0.47100000000000003,0.755,0.0188
NH-44 Delhi-Srinagar,28.2862,77.5275,2026-03-26T18:15:56.480727,39.4,82,0,0,0,24140,0,9.4,28.4,Partly cloudy,0.606,0.41,0.0188
NH-44 Delhi-Srinagar,28.5177,76.7838,2026-03-26T18:15:56.480727,84.1,186,1,0,0,24140,0,9.4,28.4,Partly cloudy,0.15900000000000006,0.93,0.0188
NH-44 Delhi-Srinagar,29.113300000000002,76.75630000000001,2026-03-26T18:15:56.480727,65.9,104,1,0,0,24140,0,9.4,28.4,Partly cloudy,0.34099999999999997,0.52,0.0188
NH-44 Delhi-Srinagar,28.368100000000002,77.7064,2026-03-26T18:15:56.480727,48.6,120,0,0,0,24140,0,9.4,28.4,Partly cloudy,0.514,0.6,0.0188
NH-44 Delhi-Srinagar,28.5794,77.5085,2026-03-26T18:15:56.480727,76.8,91,0,0,0,24140,0,9.4,28.4,Partly cloudy,0.23200000000000004,0.455,0.0188
NH-44 Delhi-Srinagar,28.2241,77.04140000000001,2026-03-26T18:15:56.480727,62.8,188,0,0,0,24140,0,9.4,28.4,Partly cloudy,0.37200000000000005,0.94,0.0188
NH-44 Delhi-Srinagar,28.160800000000002,77.476,2026-03-26T18:15:56.480727,50.8,151,0,0,0,24140,0,9.4,28.4,Partly cloudy,0.49200000000000005,0.755,0.0188
NH-44 Delhi-Srinagar,28.793400000000002,76.8934,2026-03-26T18:15:56.480727,49.9,152,0,0,0,24140,0,9.4,28.4,Partly cloudy,0.501,0.76,0.0188
NH-44 Delhi-Srinagar,28.367,77.61670000000001,2026-03-26T18:15:56.480727,51.8,173,0,0,0,24140,0,9.4,28.4,Partly cloudy,0.48200000000000004,0.865,0.0188
NH-44 Delhi-Srinagar,28.811600000000002,76.9407,2026-03-26T18:15:56.480727,52.6,144,0,0,0,24140,0,9.4,28.4,Partly cloudy,0.474,0.72,0.0188
NH-44 Delhi-Srinagar,28.937,76.9818,2026-03-26T18:15:56.480727,70.5,183,0,0,0,24140,0,9.4,28.4,Partly cloudy,0.295,0.915,0.0188
NH-44 Delhi-Srinagar,28.7295,77.5976,2026-03-26T18:15:56.480727,21.3,83,0,0,0,24140,0,9.4,28.4,Partly cloudy,0.787,0.415,0.0188
NH-44 Delhi-Srinagar,28.421300000000002,77.27120000000001,2026-03-26T18:15:56.480727,51.0,143,0,0,0,24140,0,9.4,28.4,Partly cloudy,0.49,0.715,0.0188
NH-44 Delhi-Srinagar,28.1602,77.61800000000001,2026-03-26T18:15:56.480727,70.5,141,0,0,0,24140,0,9.4,28.4,Partly cloudy,0.295,0.705,0.0188
NH-44 Delhi-Srinagar,28.7091,77.0223,2026-03-26T18:15:56.480727,51.8,91,0,0,0,24140,0,9.4,28.4,Partly cloudy,0.48200000000000004,0.455,0.0188
NH-44 Delhi-Srinagar,28.7652,76.72460000000001,2026-03-26T18:15:56.480727,80.3,85,0,0,0,24140,0,9.4,28.4,Partly cloudy,0.19700000000000004,0.425,0.0188
NH-44 Delhi-Srinagar,28.3231,77.4858,2026-03-26T18:15:56.480727,55.1,134,0,0,0,24140,0,9.4,28.4,Partly cloudy,0.449,0.67,0.0188
NH-44 Delhi-Srinagar,28.187900000000003,76.989,2026-03-26T18:15:56.480727,67.8,186,0,0,0,24140,0,9.4,28.4,Partly cloudy,0.322,0.93,0.0188
NH-44 Delhi-Srinagar,28.279400000000003,77.2393,2026-03-26T18:15:56.480727,44.1,169,0,0,0,24140,0,9.4,28.4,Partly cloudy,0.5589999999999999,0.845,0.0188
NH-44 Delhi-Srinagar,28.2722,76.78280000000001,2026-03-26T18:15:56.480727,78.5,124,0,0,0,24140,0,9.4,28.4,Partly cloudy,0.215,0.62,0.0188
NH-44 Delhi-Srinagar,28.6121,77.3302,2026-03-26T18:15:56.480727,63.9,140,1,0,0,24140,0,9.4,28.4,Partly cloudy,0.361,0.7,0.0188
NH-44 Delhi-Srinagar,28.7249,77.5395,2026-03-26T18:15:56.480727,55.5,89,0,0,0,24140,0,9.4,28.4,Partly cloudy,0.445,0.445,0.0188
NH-44 Delhi-Srinagar,28.7603,77.7003,2026-03-26T18:15:56.480727,56.8,177,0,0,0,24140,0,9.4,28.4,Partly cloudy,0.43200000000000005,0.885,0.0188
NH-44 Delhi-Srinagar,28.9652,77.5663,2026-03-26T18:15:56.480727,77.0,139,1,0,0,24140,0,9.4,28.4,Partly cloudy,0.23,0.695,0.0188
NH-44 Delhi-Srinagar,28.6234,77.4791,2026-03-26T18:15:56.480727,61.9,130,0,0,0,24140,0,9.4,28.4,Partly cloudy,0.381,0.65,0.0188
NH-44 Delhi-Srinagar,28.8651,77.24980000000001,2026-03-26T18:15:56.480727,47.0,122,0,0,0,24140,0,9.4,28.4,Partly cloudy,0.53,0.61,0.0188
NH-44 Delhi-Srinagar,28.4576,77.2872,2026-03-26T18:15:56.480727,49.3,132,0,0,0,24140,0,9.4,28.4,Partly cloudy,0.507,0.66,0.0188
NH-44 Delhi-Srinagar,28.7725,77.2531,2026-03-26T18:15:56.480727,40.8,92,0,0,0,24140,0,9.4,28.4,Partly cloudy,0.5920000000000001,0.46,0.0188
NH-44 Delhi-Srinagar,28.5489,77.1692,2026-03-26T18:15:56.480727,50.6,137,0,0,0,24140,0,9.4,28.4,Partly cloudy,0.494,0.685,0.0188
NH-44 Delhi-Srinagar,28.217200000000002,76.93050000000001,2026-03-26T18:15:56.480727,58.8,102,0,0,0,24140,0,9.4,28.4,Partly cloudy,0.41200000000000003,0.51,0.0188
NH-44 Delhi-Srinagar,28.6031,77.6838,2026-03-26T18:15:56.480727,34.8,81,0,0,0,24140,0,9.4,28.4,Partly cloudy,0.652,0.405,0.0188
NH-44 Delhi-Srinagar,29.029700000000002,77.239,2026-03-26T18:15:56.480727,31.3,102,0,0,0,24140,0,9.4,28.4,Partly cloudy,0.687,0.51,0.0188
NH-44 Delhi-Srinagar,28.4316,77.6827,2026-03-26T18:15:56.480727,33.5,168,0,0,0,24140,0,9.4,28.4,Partly cloudy,0.665,0.84,0.0188
NH-44 Delhi-Srinagar,28.3843,76.7632,2026-03-26T18:15:56.480727,69.8,110,0,0,0,24140,0,9.4,28.4,Partly cloudy,0.30200000000000005,0.55,0.0188
NH-44 Delhi-Srinagar,29.0852,77.7037,2026-03-26T18:15:56.480727,57.3,156,0,0,0,24140,0,9.4,28.4,Partly cloudy,0.42700000000000005,0.78,0.0188
NH-44 Delhi-Srinagar,28.3182,77.2793,2026-03-26T18:15:56.480727,53.4,110,0,0,0,24140,0,9.4,28.4,Partly cloudy,0.466,0.55,0.0188
NH-44 Delhi-Srinagar,29.0699,77.6019,2026-03-26T18:15:56.480727,69.5,113,0,0,0,24140,0,9.4,28.4,Partly cloudy,0.305,0.565,0.0188
NH-44 Delhi-Srinagar,28.8904,77.66380000000001,2026-03-26T18:15:56.480727,66.7,117,0,0,0,24140,0,9.4,28.4,Partly cloudy,0.33299999999999996,0.585,0.0188
NH-44 Delhi-Srinagar,28.5133,77.131,2026-03-26T18:15:56.480727,57.8,112,0,0,0,24140,0,9.4,28.4,Partly cloudy,0.42200000000000004,0.56,0.0188
NH-44 Delhi-Srinagar,28.1372,76.93090000000001,2026-03-26T18:15:56.480727,19.3,166,0,0,0,24140,0,9.4,28.4,Partly cloudy,0.807,0.83,0.0188
NH-44 Delhi-Srinagar,28.9164,77.4722,2026-03-26T18:15:56.480727,56.2,193,0,0,0,24140,0,9.4,28.4,Partly cloudy,0.43799999999999994,0.965,0.0188
NH-44 Delhi-Srinagar,28.797700000000003,77.1256,2026-03-26T18:15:56.480727,43.4,118,0,0,0,24140,0,9.4,28.4,Partly cloudy,0.5660000000000001,0.59,0.0188
NH-44 Delhi-Srinagar,29.075200000000002,77.402,2026-03-26T18:15:56.480727,81.3,173,0,0,0,24140,0,9.4,28.4,Partly cloudy,0.18700000000000003,0.865,0.0188
NH-44 Delhi-Srinagar,28.858,77.17920000000001,2026-03-26T18:15:56.480727,61.1,119,0,0,0,24140,0,9.4,28.4,Partly cloudy,0.389,0.595,0.0188
NH-44 Delhi-Srinagar,28.4935,77.5928,2026-03-26T18:15:56.480727,44.9,193,0,0,0,24140,0,9.4,28.4,Partly cloudy,0.551,0.965,0.0188
NH-44 Delhi-Srinagar,28.7299,77.29440000000001,2026-03-26T18:15:56.480727,47.5,179,0,0,0,24140,0,9.4,28.4,Partly cloudy,0.525,0.895,0.0188
NH-44 Delhi-Srinagar,28.167,76.7118,2026-03-26T18:15:56.480727,54.2,121,0,0,0,24140,0,9.4,28.4,Partly cloudy,0.45799999999999996,0.605,0.0188
NH-44 Delhi-Srinagar,28.8501,77.3401,2026-03-26T18:15:56.480727,55.0,124,0,0,0,24140,0,9.4,28.4,Partly cloudy,0.45,0.62,0.0188
NH-44 Delhi-Srinagar,28.1539,77.37570000000001,2026-03-26T18:15:56.481728,75.7,198,0,0,0,24140,0,9.4,28.4,Partly cloudy,0.24299999999999997,0.99,0.0188
NH-44 Delhi-Srinagar,28.5322,77.3469,2026-03-26T18:15:56.481728,63.9,163,0,0,0,24140,0,9.4,28.4,Partly cloudy,0.361,0.815,0.0188
NH-44 Delhi-Srinagar,29.072000000000003,77.5839,2026-03-26T18:15:56.481728,59.0,176,0,0,0,24140,0,9.4,28.4,Partly cloudy,0.41,0.88,0.0188
NH-44 Delhi-Srinagar,28.615000000000002,76.92790000000001,2026-03-26T18:15:56.481728,90.3,146,0,0,0,24140,0,9.4,28.4,Partly cloudy,0.09700000000000003,0.73,0.0188
NH-44 Delhi-Srinagar,28.9416,77.1588,2026-03-26T18:15:56.481728,42.6,147,0,0,0,24140,0,9.4,28.4,Partly cloudy,0.574,0.735,0.0188
NH-44 Delhi-Srinagar,28.475,77.4003,2026-03-26T18:15:56.481728,74.5,189,0,0,0,24140,0,9.4,28.4,Partly cloudy,0.255,0.945,0.0188
NH-44 Delhi-Srinagar,28.6766,77.325,2026-03-26T18:15:56.481728,46.5,122,0,0,0,24140,0,9.4,28.4,Partly cloudy,0.535,0.61,0.0188
NH-44 Delhi-Srinagar,28.4063,77.13640000000001,2026-03-26T18:15:56.481728,47.1,127,0,0,0,24140,0,9.4,28.4,Partly cloudy,0.529,0.635,0.0188
NH-44 Delhi-Srinagar,28.778000000000002,77.1667,2026-03-26T18:15:56.481728,29.2,148,0,0,0,24140,0,9.4,28.4,Partly cloudy,0.708,0.74,0.0188
NH-44 Delhi-Srinagar,28.2833,77.07430000000001,2026-03-26T18:15:56.481728,88.2,142,0,0,0,24140,0,9.4,28.4,Partly cloudy,0.11799999999999997,0.71,0.0188
NH-44 Delhi-Srinagar,28.1356,77.14580000000001,2026-03-26T18:15:56.481728,29.6,192,0,0,0,24140,0,9.4,28.4,Partly cloudy,0.7040000000000001,0.96,0.0188
NH-44 Delhi-Srinagar,28.4704,76.8613,2026-03-26T18:15:56.481728,70.3,104,0,0,0,24140,0,9.4,28.4,Partly cloudy,0.29700000000000004,0.52,0.0188
NH-44 Delhi-Srinagar,28.2601,77.6721,2026-03-26T18:15:56.481728,59.6,199,0,0,0,24140,0,9.4,28.4,Partly cloudy,0.40399999999999997,0.995,0.0188
NH-44 Delhi-Srinagar,28.573900000000002,77.66680000000001,2026-03-26T18:15:56.481728,67.8,119,0,0,0,24140,0,9.4,28.4,Partly cloudy,0.322,0.595,0.0188
NH-44 Delhi-Srinagar,28.4986,77.2214,2026-03-26T18:15:56.481728,61.8,136,0,0,0,24140,0,9.4,28.4,Partly cloudy,0.382,0.68,0.0188
NH-44 Delhi-Srinagar,28.5397,77.6532,2026-03-26T18:15:56.481728,56.9,174,0,0,0,24140,0,9.4,28.4,Partly cloudy,0.431,0.87,0.0188
NH-44 Delhi-Srinagar,28.6781,76.8807,2026-03-26T18:15:56.481728,54.5,134,0,0,0,24140,0,9.4,28.4,Partly cloudy,0.455,0.67,0.0188
NH-44 Delhi-Srinagar,28.299400000000002,77.4325,2026-03-26T18:15:56.481728,55.1,171,0,0,0,24140,0,9.4,28.4,Partly cloudy,0.449,0.855,0.0188
NH-44 Delhi-Srinagar,28.4922,76.7801,2026-03-26T18:15:56.481728,53.8,152,0,0,0,24140,0,9.4,28.4,Partly cloudy,0.462,0.76,0.0188
NH-44 Delhi-Srinagar,29.054100000000002,77.07820000000001,2026-03-26T18:15:56.481728,53.4,172,0,0,0,24140,0,9.4,28.4,Partly cloudy,0.466,0.86,0.0188
NH-44 Delhi-Srinagar,28.9728,76.8541,2026-03-26T18:15:56.481728,59.3,80,0,0,0,24140,0,9.4,28.4,Partly cloudy,0.40700000000000003,0.4,0.0188
NH-44 Delhi-Srinagar,28.4583,76.8178,2026-03-26T18:15:56.481728,60.0,156,0,0,0,24140,0,9.4,28.4,Partly cloudy,0.4,0.78,0.0188
NH-44 Delhi-Srinagar,29.006800000000002,77.3728,2026-03-26T18:15:56.481728,30.1,117,0,0,0,24140,0,9.4,28.4,Partly cloudy,0.6990000000000001,0.585,0.0188
NH-44 Delhi-Srinagar,28.3219,76.79820000000001,2026-03-26T18:15:56.481728,59.4,166,0,0,0,24140,0,9.4,28.4,Partly cloudy,0.406,0.83,0.0188
NH-44 Delhi-Srinagar,29.087,77.4254,2026-03-26T18:15:56.481728,54.0,102,0,0,0,24140,0,9.4,28.4,Partly cloudy,0.46,0.51,0.0188
NH-44 Delhi-Srinagar,29.0933,77.39620000000001,2026-03-26T18:15:56.481728,58.0,197,0,0,0,24140,0,9.4,28.4,Partly cloudy,0.42,0.985,0.0188
NH-44 Delhi-Srinagar,28.4053,77.6276,2026-03-26T18:15:56.481728,69.9,151,0,0,0,24140,0,9.4,28.4,Partly cloudy,0.30099999999999993,0.755,0.0188
NH-44 Delhi-Srinagar,28.9682,77.6157,2026-03-26T18:15:56.481728,58.8,121,0,0,0,24140,0,9.4,28.4,Partly cloudy,0.41200000000000003,0.605,0.0188
NH-44 Delhi-Srinagar,28.718700000000002,76.9239,2026-03-26T18:15:56.481728,39.8,181,0,0,0,24140,0,9.4,28.4,Partly cloudy,0.602,0.905,0.0188
NH-44 Delhi-Srinagar,28.4186,77.56320000000001,2026-03-26T18:15:56.481728,73.6,115,0,0,0,24140,0,9.4,28.4,Partly cloudy,0.26400000000000007,0.575,0.0188
NH-44 Delhi-Srinagar,28.2283,77.7026,2026-03-26T18:15:56.481728,66.7,191,0,0,0,24140,0,9.4,28.4,Partly cloudy,0.33299999999999996,0.955,0.0188
NH-44 Delhi-Srinagar,28.9967,76.8705,2026-03-26T18:15:56.481728,51.1,126,0,0,0,24140,0,9.4,28.4,Partly cloudy,0.489,0.63,0.0188
NH-44 Delhi-Srinagar,28.860300000000002,77.6906,2026-03-26T18:15:56.481728,70.2,89,0,0,0,24140,0,9.4,28.4,Partly cloudy,0.298,0.445,0.0188
NH-44 Delhi-Srinagar,28.354100000000003,77.046,2026-03-26T18:15:56.481728,73.5,198,0,0,0,24140,0,9.4,28.4,Partly cloudy,0.265,0.99,0.0188
NH-44 Delhi-Srinagar,29.084400000000002,76.7183,2026-03-26T18:15:56.481728,70.8,83,0,0,0,24140,0,9.4,28.4,Partly cloudy,0.29200000000000004,0.415,0.0188
NH-44 Delhi-Srinagar,28.698900000000002,76.894,2026-03-26T18:15:56.481728,54.4,156,0,0,0,24140,0,9.4,28.4,Partly cloudy,0.456,0.78,0.0188
NH-44 Delhi-Srinagar,28.913600000000002,76.7419,2026-03-26T18:15:56.481728,51.7,197,0,0,0,24140,0,9.4,28.4,Partly cloudy,0.483,0.985,0.0188
NH-44 Delhi-Srinagar,29.091,76.84440000000001,2026-03-26T18:15:56.481728,41.0,105,0,0,0,24140,0,9.4,28.4,Partly cloudy,0.59,0.525,0.0188
NH-8 Mumbai-Pune,19.328500000000002,72.4349,2026-03-26T18:15:56.481728,68.2,178,0,0,0,24140,0,17.1,29.5,Clear,0.31799999999999995,0.89,0.0342
NH-8 Mumbai-Pune,19.525000000000002,72.98320000000001,2026-03-26T18:15:56.481728,55.6,113,0,0,0,24140,0,17.1,29.5,Clear,0.444,0.565,0.0342
NH-8 Mumbai-Pune,19.0537,72.9745,2026-03-26T18:15:56.481728,56.1,114,0,0,0,24140,0,17.1,29.5,Clear,0.439,0.57,0.0342
NH-8 Mumbai-Pune,19.5093,73.2594,2026-03-26T18:15:56.481728,51.0,141,1,0,0,24140,0,17.1,29.5,Clear,0.49,0.705,0.0342
NH-8 Mumbai-Pune,18.6853,72.7082,2026-03-26T18:15:56.481728,74.9,101,0,0,0,24140,0,17.1,29.5,Clear,0.25099999999999995,0.505,0.0342
NH-8 Mumbai-Pune,18.700400000000002,73.2971,2026-03-26T18:15:56.481728,51.0,125,0,0,0,24140,0,17.1,29.5,Clear,0.49,0.625,0.0342
NH-8 Mumbai-Pune,18.9721,73.3726,2026-03-26T18:15:56.481728,72.9,88,0,0,0,24140,0,17.1,29.5,Clear,0.27099999999999996,0.44,0.0342
NH-8 Mumbai-Pune,19.5508,72.9423,2026-03-26T18:15:56.481728,56.7,118,0,0,0,24140,0,17.1,29.5,Clear,0.433,0.59,0.0342
NH-8 Mumbai-Pune,18.979,73.24000000000001,2026-03-26T18:15:56.481728,64.5,192,0,0,0,24140,0,17.1,29.5,Clear,0.355,0.96,0.0342
NH-8 Mumbai-Pune,19.1733,72.9753,2026-03-26T18:15:56.481728,37.7,199,0,0,0,24140,0,17.1,29.5,Clear,0.623,0.995,0.0342
NH-8 Mumbai-Pune,18.5988,72.6382,2026-03-26T18:15:56.481728,73.9,125,0,0,0,24140,0,17.1,29.5,Clear,0.26099999999999995,0.625,0.0342
NH-8 Mumbai-Pune,18.5943,73.0981,2026-03-26T18:15:56.481728,64.0,172,1,0,0,24140,0,17.1,29.5,Clear,0.36,0.86,0.0342
NH-8 Mumbai-Pune,19.1558,73.369,2026-03-26T18:15:56.481728,77.9,161,0,0,0,24140,0,17.1,29.5,Clear,0.22099999999999995,0.805,0.0342
NH-8 Mumbai-Pune,19.1642,72.81370000000001,2026-03-26T18:15:56.481728,58.8,195,0,0,0,24140,0,17.1,29.5,Clear,0.41200000000000003,0.975,0.0342
NH-8 Mumbai-Pune,19.1596,73.0151,2026-03-26T18:15:56.481728,41.1,195,0,0,0,24140,0,17.1,29.5,Clear,0.589,0.975,0.0342
NH-8 Mumbai-Pune,19.5513,72.5494,2026-03-26T18:15:56.481728,67.0,127,0,0,0,24140,0,17.1,29.5,Clear,0.33,0.635,0.0342
NH-8 Mumbai-Pune,19.1778,72.94290000000001,2026-03-26T18:15:56.481728,62.7,109,0,0,0,24140,0,17.1,29.5,Clear,0.373,0.545,0.0342
NH-8 Mumbai-Pune,18.6695,72.8318,2026-03-26T18:15:56.481728,64.6,200,1,0,0,24140,0,17.1,29.5,Clear,0.35400000000000004,1.0,0.0342
NH-8 Mumbai-Pune,18.8611,72.54100000000001,2026-03-26T18:15:56.481728,38.3,90,0,0,0,24140,0,17.1,29.5,Clear,0.617,0.45,0.0342
NH-8 Mumbai-Pune,19.5682,72.58250000000001,2026-03-26T18:15:56.481728,72.4,124,0,0,0,24140,0,17.1,29.5,Clear,0.27599999999999997,0.62,0.0342
NH-8 Mumbai-Pune,19.0527,73.34190000000001,2026-03-26T18:15:56.481728,67.6,166,0,0,0,24140,0,17.1,29.5,Clear,0.32400000000000007,0.83,0.0342
NH-8 Mumbai-Pune,19.375600000000002,73.1466,2026-03-26T18:15:56.481728,63.1,198,0,0,0,24140,0,17.1,29.5,Clear,0.369,0.99,0.0342
NH-8 Mumbai-Pune,18.6011,72.8536,2026-03-26T18:15:56.481728,50.9,104,0,0,0,24140,0,17.1,29.5,Clear,0.491,0.52,0.0342
NH-8 Mumbai-Pune,18.9247,72.536,2026-03-26T18:15:56.481728,44.6,120,0,0,0,24140,0,17.1,29.5,Clear,0.5539999999999999,0.6,0.0342
NH-8 Mumbai-Pune,18.9525,72.79650000000001,2026-03-26T18:15:56.481728,52.8,140,0,0,0,24140,0,17.1,29.5,Clear,0.47200000000000003,0.7,0.0342
NH-8 Mumbai-Pune,19.5212,72.40570000000001,2026-03-26T18:15:56.481728,57.4,168,0,0,0,24140,0,17.1,29.5,Clear,0.426,0.84,0.0342
NH-8 Mumbai-Pune,19.299,72.7663,2026-03-26T18:15:56.481728,80.3,178,0,0,0,24140,0,17.1,29.5,Clear,0.19700000000000004,0.89,0.0342
NH-8 Mumbai-Pune,18.5887,72.741,2026-03-26T18:15:56.481728,69.8,197,0,0,0,24140,0,17.1,29.5,Clear,0.30200000000000005,0.985,0.0342
NH-8 Mumbai-Pune,19.4689,72.6824,2026-03-26T18:15:56.481728,65.0,157,0,0,0,24140,0,17.1,29.5,Clear,0.35,0.785,0.0342
NH-8 Mumbai-Pune,19.1679,72.4102,2026-03-26T18:15:56.481728,57.6,137,0,0,0,24140,0,17.1,29.5,Clear,0.424,0.685,0.0342
NH-8 Mumbai-Pune,19.1482,72.87620000000001,2026-03-26T18:15:56.481728,83.0,149,1,0,0,24140,0,17.1,29.5,Clear,0.17,0.745,0.0342
NH-8 Mumbai-Pune,19.351,73.08850000000001,2026-03-26T18:15:56.481728,39.5,171,0,0,0,24140,0,17.1,29.5,Clear,0.605,0.855,0.0342
NH-8 Mumbai-Pune,18.6732,73.1734,2026-03-26T18:15:56.481728,46.0,136,0,0,0,24140,0,17.1,29.5,Clear,0.54,0.68,0.0342
NH-8 Mumbai-Pune,19.1998,72.4334,2026-03-26T18:15:56.481728,35.3,184,0,0,0,24140,0,17.1,29.5,Clear,0.647,0.92,0.0342
NH-8 Mumbai-Pune,18.5904,72.4218,2026-03-26T18:15:56.481728,70.1,111,0,0,0,24140,0,17.1,29.5,Clear,0.29900000000000004,0.555,0.0342
NH-8 Mumbai-Pune,18.7082,72.9379,2026-03-26T18:15:56.481728,53.8,110,0,0,0,24140,0,17.1,29.5,Clear,0.462,0.55,0.0342
NH-8 Mumbai-Pune,19.5487,73.092,2026-03-26T18:15:56.481728,64.8,133,0,0,0,24140,0,17.1,29.5,Clear,0.35200000000000004,0.665,0.0342
NH-8 Mumbai-Pune,18.853,73.3044,2026-03-26T18:15:56.481728,63.8,155,1,0,0,24140,0,17.1,29.5,Clear,0.36200000000000004,0.775,0.0342
NH-8 Mumbai-Pune,18.805500000000002,72.7414,2026-03-26T18:15:56.481728,85.7,108,0,0,0,24140,0,17.1,29.5,Clear,0.14299999999999996,0.54,0.0342
NH-8 Mumbai-Pune,19.4029,73.2261,2026-03-26T18:15:56.481728,38.3,123,0,0,0,24140,0,17.1,29.5,Clear,0.617,0.615,0.0342
NH-8 Mumbai-Pune,19.014,73.36580000000001,2026-03-26T18:15:56.481728,54.8,188,0,0,0,24140,0,17.1,29.5,Clear,0.452,0.94,0.0342
NH-8 Mumbai-Pune,19.098300000000002,72.82090000000001,2026-03-26T18:15:56.481728,38.7,128,0,0,0,24140,0,17.1,29.5,Clear,0.613,0.64,0.0342
NH-8 Mumbai-Pune,18.708000000000002,72.6417,2026-03-26T18:15:56.481728,71.6,147,0,0,0,24140,0,17.1,29.5,Clear,0.28400000000000003,0.735,0.0342
NH-8 Mumbai-Pune,19.3035,72.4704,2026-03-26T18:15:56.481728,67.5,120,0,0,0,24140,0,17.1,29.5,Clear,0.325,0.6,0.0342
NH-8 Mumbai-Pune,18.9743,72.97720000000001,2026-03-26T18:15:56.481728,45.1,147,0,0,0,24140,0,17.1,29.5,Clear,0.5489999999999999,0.735,0.0342
NH-8 Mumbai-Pune,18.8098,73.2788,2026-03-26T18:15:56.481728,68.9,199,0,0,0,24140,0,17.1,29.5,Clear,0.31099999999999994,0.995,0.0342
NH-8 Mumbai-Pune,18.5944,72.69420000000001,2026-03-26T18:15:56.481728,38.8,132,0,0,0,24140,0,17.1,29.5,Clear,0.612,0.66,0.0342
NH-8 Mumbai-Pune,19.1579,72.47290000000001,2026-03-26T18:15:56.481728,67.2,87,0,0,0,24140,0,17.1,29.5,Clear,0.32799999999999996,0.435,0.0342
NH-8 Mumbai-Pune,18.7515,73.3002,2026-03-26T18:15:56.481728,47.6,125,0,0,0,24140,0,17.1,29.5,Clear,0.524,0.625,0.0342
NH-8 Mumbai-Pune,18.6772,72.9392,2026-03-26T18:15:56.481728,50.5,144,1,0,0,24140,0,17.1,29.5,Clear,0.495,0.72,0.0342
NH-8 Mumbai-Pune,18.6706,73.0845,2026-03-26T18:15:56.481728,56.0,162,0,0,0,24140,0,17.1,29.5,Clear,0.44,0.81,0.0342
NH-8 Mumbai-Pune,18.980900000000002,73.1893,2026-03-26T18:15:56.481728,89.5,197,0,0,0,24140,0,17.1,29.5,Clear,0.105,0.985,0.0342
NH-8 Mumbai-Pune,19.1644,72.6691,2026-03-26T18:15:56.481728,51.5,147,0,0,0,24140,0,17.1,29.5,Clear,0.485,0.735,0.0342
NH-8 Mumbai-Pune,19.1201,72.70240000000001,2026-03-26T18:15:56.481728,54.9,190,0,0,0,24140,0,17.1,29.5,Clear,0.451,0.95,0.0342
NH-8 Mumbai-Pune,19.5089,72.8682,2026-03-26T18:15:56.481728,59.3,126,0,0,0,24140,0,17.1,29.5,Clear,0.40700000000000003,0.63,0.0342
NH-8 Mumbai-Pune,19.2482,72.7866,2026-03-26T18:15:56.481728,45.6,159,0,0,0,24140,0,17.1,29.5,Clear,0.544,0.795,0.0342
NH-8 Mumbai-Pune,18.9145,72.87570000000001,2026-03-26T18:15:56.481728,52.3,108,0,0,0,24140,0,17.1,29.5,Clear,0.47700000000000004,0.54,0.0342
NH-8 Mumbai-Pune,19.1843,72.7722,2026-03-26T18:15:56.481728,74.7,171,0,0,0,24140,0,17.1,29.5,Clear,0.25299999999999995,0.855,0.0342
NH-8 Mumbai-Pune,18.9582,73.2697,2026-03-26T18:15:56.481728,29.5,120,0,0,0,24140,0,17.1,29.5,Clear,0.705,0.6,0.0342
NH-8 Mumbai-Pune,18.9584,73.3675,2026-03-26T18:15:56.481728,65.4,168,0,0,0,24140,0,17.1,29.5,Clear,0.3459999999999999,0.84,0.0342
NH-8 Mumbai-Pune,19.4569,73.3065,2026-03-26T18:15:56.481728,50.7,109,0,0,0,24140,0,17.1,29.5,Clear,0.493,0.545,0.0342
NH-8 Mumbai-Pune,19.5123,72.6577,2026-03-26T18:15:56.481728,49.0,139,0,0,0,24140,0,17.1,29.5,Clear,0.51,0.695,0.0342
NH-8 Mumbai-Pune,18.6072,73.2758,2026-03-26T18:15:56.481728,64.9,132,0,0,0,24140,0,17.1,29.5,Clear,0.3509999999999999,0.66,0.0342
NH-8 Mumbai-Pune,19.4826,73.1949,2026-03-26T18:15:56.481728,69.1,113,0,0,0,24140,0,17.1,29.5,Clear,0.30900000000000005,0.565,0.0342
NH-8 Mumbai-Pune,19.3952,73.28500000000001,2026-03-26T18:15:56.481728,44.2,110,1,0,0,24140,0,17.1,29.5,Clear,0.5579999999999999,0.55,0.0342
NH-8 Mumbai-Pune,19.2402,73.0407,2026-03-26T18:15:56.481728,89.3,196,0,0,0,24140,0,17.1,29.5,Clear,0.10700000000000003,0.98,0.0342
NH-8 Mumbai-Pune,18.6542,72.964,2026-03-26T18:15:56.481728,65.5,167,0,0,0,24140,0,17.1,29.5,Clear,0.345,0.835,0.0342
NH-8 Mumbai-Pune,19.1381,72.3895,2026-03-26T18:15:56.481728,62.8,155,0,0,0,24140,0,17.1,29.5,Clear,0.37200000000000005,0.775,0.0342
NH-8 Mumbai-Pune,18.5779,73.342,2026-03-26T18:15:56.481728,56.2,161,0,0,0,24140,0,17.1,29.5,Clear,0.43799999999999994,0.805,0.0342
NH-8 Mumbai-Pune,19.2382,72.399,2026-03-26T18:15:56.481728,35.3,188,0,0,0,24140,0,17.1,29.5,Clear,0.647,0.94,0.0342
NH-8 Mumbai-Pune,18.7962,72.61460000000001,2026-03-26T18:15:56.481728,49.5,97,0,0,0,24140,0,17.1,29.5,Clear,0.505,0.485,0.0342
NH-8 Mumbai-Pune,18.9334,72.4659,2026-03-26T18:15:56.481728,63.7,168,0,0,0,24140,0,17.1,29.5,Clear,0.363,0.84,0.0342
NH-8 Mumbai-Pune,18.6723,73.1804,2026-03-26T18:15:56.481728,68.3,88,0,0,0,24140,0,17.1,29.5,Clear,0.317,0.44,0.0342
NH-8 Mumbai-Pune,18.9744,73.129,2026-03-26T18:15:56.481728,24.2,145,0,0,0,24140,0,17.1,29.5,Clear,0.758,0.725,0.0342
NH-8 Mumbai-Pune,18.7427,72.8596,2026-03-26T18:15:56.481728,36.1,105,0,0,0,24140,0,17.1,29.5,Clear,0.639,0.525,0.0342
NH-8 Mumbai-Pune,19.1884,72.729,2026-03-26T18:15:56.481728,50.4,111,0,0,0,24140,0,17.1,29.5,Clear,0.496,0.555,0.0342
NH-8 Mumbai-Pune,18.9784,73.26830000000001,2026-03-26T18:15:56.481728,55.0,196,0,0,0,24140,0,17.1,29.5,Clear,0.45,0.98,0.0342
NH-8 Mumbai-Pune,19.1123,73.059,2026-03-26T18:15:56.481728,42.4,175,0,0,0,24140,0,17.1,29.5,Clear,0.5760000000000001,0.875,0.0342
NH-8 Mumbai-Pune,19.3533,73.2,2026-03-26T18:15:56.481728,51.1,90,0,0,0,24140,0,17.1,29.5,Clear,0.489,0.45,0.0342
NH-8 Mumbai-Pune,19.2944,73.2895,2026-03-26T18:15:56.481728,55.5,146,0,0,0,24140,0,17.1,29.5,Clear,0.445,0.73,0.0342
NH-8 Mumbai-Pune,18.903200000000002,72.8648,2026-03-26T18:15:56.481728,77.4,142,0,0,0,24140,0,17.1,29.5,Clear,0.22599999999999995,0.71,0.0342
NH-8 Mumbai-Pune,18.8273,72.39880000000001,2026-03-26T18:15:56.481728,59.5,174,0,0,0,24140,0,17.1,29.5,Clear,0.405,0.87,0.0342
NH-8 Mumbai-Pune,18.6686,72.9034,2026-03-26T18:15:56.481728,50.1,92,0,0,0,24140,0,17.1,29.5,Clear,0.499,0.46,0.0342
NH-8 Mumbai-Pune,19.3762,72.54100000000001,2026-03-26T18:15:56.481728,56.8,121,0,0,0,24140,0,17.1,29.5,Clear,0.43200000000000005,0.605,0.0342
NH-8 Mumbai-Pune,18.6199,73.2104,2026-03-26T18:15:56.481728,42.1,129,0,0,0,24140,0,17.1,29.5,Clear,0.579,0.645,0.0342
NH-8 Mumbai-Pune,18.622,72.7161,2026-03-26T18:15:56.481728,38.3,116,0,0,0,24140,0,17.1,29.5,Clear,0.617,0.58,0.0342
NH-8 Mumbai-Pune,18.8871,72.5209,2026-03-26T18:15:56.481728,56.1,88,0,0,0,24140,0,17.1,29.5,Clear,0.439,0.44,0.0342
NH-8 Mumbai-Pune,18.9075,72.6776,2026-03-26T18:15:56.481728,49.3,146,0,0,0,24140,0,17.1,29.5,Clear,0.507,0.73,0.0342
NH-8 Mumbai-Pune,19.2108,73.04260000000001,2026-03-26T18:15:56.481728,51.6,152,0,0,0,24140,0,17.1,29.5,Clear,0.484,0.76,0.0342
NH-8 Mumbai-Pune,19.1476,73.3336,2026-03-26T18:15:56.481728,63.8,198,0,0,0,24140,0,17.1,29.5,Clear,0.36200000000000004,0.99,0.0342
NH-8 Mumbai-Pune,19.2219,72.9144,2026-03-26T18:15:56.481728,42.5,107,0,0,0,24140,0,17.1,29.5,Clear,0.575,0.535,0.0342
NH-8 Mumbai-Pune,18.9293,73.2822,2026-03-26T18:15:56.481728,56.0,141,0,0,0,24140,0,17.1,29.5,Clear,0.44,0.705,0.0342
NH-8 Mumbai-Pune,19.4851,72.3938,2026-03-26T18:15:56.481728,16.0,174,0,0,0,24140,0,17.1,29.5,Clear,0.84,0.87,0.0342
NH-8 Mumbai-Pune,19.529,72.7979,2026-03-26T18:15:56.481728,44.3,189,0,0,0,24140,0,17.1,29.5,Clear,0.557,0.945,0.0342
NH-8 Mumbai-Pune,19.4463,72.6242,2026-03-26T18:15:56.481728,77.5,103,0,0,0,24140,0,17.1,29.5,Clear,0.225,0.515,0.0342
NH-8 Mumbai-Pune,18.7366,73.0438,2026-03-26T18:15:56.481728,79.2,180,0,0,0,24140,0,17.1,29.5,Clear,0.20799999999999996,0.9,0.0342
NH-8 Mumbai-Pune,19.1123,72.89020000000001,2026-03-26T18:15:56.481728,40.4,134,0,0,0,24140,0,17.1,29.5,Clear,0.596,0.67,0.0342
NH-8 Mumbai-Pune,19.5436,72.9736,2026-03-26T18:15:56.481728,55.4,134,0,0,0,24140,0,17.1,29.5,Clear,0.446,0.67,0.0342
NH-8 Mumbai-Pune,18.9842,73.3232,2026-03-26T18:15:56.481728,87.0,132,0,0,0,24140,0,17.1,29.5,Clear,0.13,0.66,0.0342
NH-8 Mumbai-Pune,18.6483,73.1618,2026-03-26T18:15:56.481728,38.9,171,0,0,0,24140,0,17.1,29.5,Clear,0.611,0.855,0.0342
NH-66 Bangalore-Kochi,13.2812,77.0957,2026-03-26T18:15:56.481728,43.0,132,0,0,0,24140,0,10.9,30.4,Clear,0.57,0.66,0.0218
NH-66 Bangalore-Kochi,13.331900000000001,77.8529,2026-03-26T18:15:56.481728,35.6,89,0,0,0,24140,0,10.9,30.4,Clear,0.644,0.445,0.0218
NH-66 Bangalore-Kochi,12.7733,77.6376,2026-03-26T18:15:56.481728,27.0,150,0,0,0,24140,0,10.9,30.4,Clear,0.73,0.75,0.0218
NH-66 Bangalore-Kochi,12.981300000000001,78.06,2026-03-26T18:15:56.481728,52.5,94,0,0,0,24140,0,10.9,30.4,Clear,0.475,0.47,0.0218
NH-66 Bangalore-Kochi,12.5441,77.2765,2026-03-26T18:15:56.481728,54.4,121,0,0,0,24140,0,10.9,30.4,Clear,0.456,0.605,0.0218
NH-66 Bangalore-Kochi,12.8384,77.60979999999999,2026-03-26T18:15:56.481728,61.0,173,0,0,0,24140,0,10.9,30.4,Clear,0.39,0.865,0.0218
NH-66 Bangalore-Kochi,13.398800000000001,77.7745,2026-03-26T18:15:56.481728,44.9,89,0,0,0,24140,0,10.9,30.4,Clear,0.551,0.445,0.0218
NH-66 Bangalore-Kochi,13.0594,77.1835,2026-03-26T18:15:56.481728,65.3,172,1,0,0,24140,0,10.9,30.4,Clear,0.34700000000000003,0.86,0.0218
NH-66 Bangalore-Kochi,13.002500000000001,77.4673,2026-03-26T18:15:56.481728,64.3,138,0,0,0,24140,0,10.9,30.4,Clear,0.35700000000000004,0.69,0.0218
NH-66 Bangalore-Kochi,13.109300000000001,77.1357,2026-03-26T18:15:56.481728,63.0,144,1,0,0,24140,0,10.9,30.4,Clear,0.37,0.72,0.0218
NH-66 Bangalore-Kochi,12.783900000000001,78.0178,2026-03-26T18:15:56.481728,84.0,182,0,0,0,24140,0,10.9,30.4,Clear,0.16,0.91,0.0218
NH-66 Bangalore-Kochi,12.975,77.863,2026-03-26T18:15:56.481728,64.0,175,0,0,0,24140,0,10.9,30.4,Clear,0.36,0.875,0.0218
NH-66 Bangalore-Kochi,13.221400000000001,77.6247,2026-03-26T18:15:56.481728,76.6,149,0,0,0,24140,0,10.9,30.4,Clear,0.23400000000000007,0.745,0.0218
NH-66 Bangalore-Kochi,13.207600000000001,77.1568,2026-03-26T18:15:56.481728,55.8,98,0,0,0,24140,0,10.9,30.4,Clear,0.442,0.49,0.0218
NH-66 Bangalore-Kochi,12.9299,77.139,2026-03-26T18:15:56.481728,67.1,117,1,0,0,24140,0,10.9,30.4,Clear,0.32900000000000007,0.585,0.0218
NH-66 Bangalore-Kochi,13.268500000000001,77.6982,2026-03-26T18:15:56.481728,81.2,165,0,0,0,24140,0,10.9,30.4,Clear,0.18799999999999997,0.825,0.0218
NH-66 Bangalore-Kochi,12.7612,77.7816,2026-03-26T18:15:56.481728,43.5,148,0,0,0,24140,0,10.9,30.4,Clear,0.565,0.74,0.0218
NH-66 Bangalore-Kochi,12.8177,77.9332,2026-03-26T18:15:56.481728,78.0,193,0,0,0,24140,0,10.9,30.4,Clear,0.22,0.965,0.0218
NH-66 Bangalore-Kochi,12.928,78.014,2026-03-26T18:15:56.481728,64.5,160,0,0,0,24140,0,10.9,30.4,Clear,0.355,0.8,0.0218
NH-66 Bangalore-Kochi,13.456800000000001,77.6798,2026-03-26T18:15:56.481728,58.9,89,0,0,0,24140,0,10.9,30.4,Clear,0.41100000000000003,0.445,0.0218
NH-66 Bangalore-Kochi,13.157300000000001,77.321,2026-03-26T18:15:56.481728,47.3,123,0,0,0,24140,0,10.9,30.4,Clear,0.527,0.615,0.0218
NH-66 Bangalore-Kochi,12.6035,77.3774,2026-03-26T18:15:56.481728,47.7,168,0,0,0,24140,0,10.9,30.4,Clear,0.523,0.84,0.0218
NH-66 Bangalore-Kochi,12.8245,77.4708,2026-03-26T18:15:56.481728,52.0,160,0,0,0,24140,0,10.9,30.4,Clear,0.48,0.8,0.0218
NH-66 Bangalore-Kochi,12.626100000000001,77.5241,2026-03-26T18:15:56.481728,40.0,172,0,0,0,24140,0,10.9,30.4,Clear,0.6,0.86,0.0218
NH-66 Bangalore-Kochi,13.148200000000001,77.2282,2026-03-26T18:15:56.481728,40.9,132,0,0,0,24140,0,10.9,30.4,Clear,0.591,0.66,0.0218
NH-66 Bangalore-Kochi,13.089400000000001,77.7546,2026-03-26T18:15:56.481728,58.1,102,0,0,0,24140,0,10.9,30.4,Clear,0.419,0.51,0.0218
NH-66 Bangalore-Kochi,12.9412,77.5866,2026-03-26T18:15:56.481728,62.3,169,0,0,0,24140,0,10.9,30.4,Clear,0.377,0.845,0.0218
NH-66 Bangalore-Kochi,13.0784,77.4157,2026-03-26T18:15:56.481728,71.8,178,0,0,0,24140,0,10.9,30.4,Clear,0.28200000000000003,0.89,0.0218
NH-66 Bangalore-Kochi,12.5684,77.2069,2026-03-26T18:15:56.481728,71.0,185,0,0,0,24140,0,10.9,30.4,Clear,0.29,0.925,0.0218
NH-66 Bangalore-Kochi,12.825700000000001,77.9195,2026-03-26T18:15:56.481728,70.8,159,0,0,0,24140,0,10.9,30.4,Clear,0.29200000000000004,0.795,0.0218
NH-66 Bangalore-Kochi,13.1861,77.71,2026-03-26T18:15:56.481728,72.0,169,0,0,0,24140,0,10.9,30.4,Clear,0.28,0.845,0.0218
NH-66 Bangalore-Kochi,12.5469,78.0198,2026-03-26T18:15:56.481728,77.8,181,0,0,0,24140,0,10.9,30.4,Clear,0.22200000000000003,0.905,0.0218
NH-66 Bangalore-Kochi,12.4906,77.5061,2026-03-26T18:15:56.481728,43.2,136,0,0,0,24140,0,10.9,30.4,Clear,0.568,0.68,0.0218
NH-66 Bangalore-Kochi,12.5623,77.6465,2026-03-26T18:15:56.481728,75.2,124,0,0,0,24140,0,10.9,30.4,Clear,0.24799999999999997,0.62,0.0218
NH-66 Bangalore-Kochi,13.0927,77.83,2026-03-26T18:15:56.481728,92.6,122,0,0,0,24140,0,10.9,30.4,Clear,0.07400000000000005,0.61,0.0218
NH-66 Bangalore-Kochi,13.2332,77.3183,2026-03-26T18:15:56.481728,69.2,148,0,0,0,24140,0,10.9,30.4,Clear,0.308,0.74,0.0218
NH-66 Bangalore-Kochi,12.5404,77.8162,2026-03-26T18:15:56.481728,54.4,162,0,0,0,24140,0,10.9,30.4,Clear,0.456,0.81,0.0218
NH-66 Bangalore-Kochi,12.722900000000001,77.7939,2026-03-26T18:15:56.481728,28.3,193,0,0,0,24140,0,10.9,30.4,Clear,0.7170000000000001,0.965,0.0218
NH-66 Bangalore-Kochi,13.2324,77.7435,2026-03-26T18:15:56.481728,49.6,151,0,0,0,24140,0,10.9,30.4,Clear,0.504,0.755,0.0218
NH-66 Bangalore-Kochi,13.4335,77.5871,2026-03-26T18:15:56.481728,46.1,182,1,0,0,24140,0,10.9,30.4,Clear,0.539,0.91,0.0218
NH-66 Bangalore-Kochi,12.661100000000001,77.5281,2026-03-26T18:15:56.481728,79.9,99,0,0,0,24140,0,10.9,30.4,Clear,0.20099999999999996,0.495,0.0218
NH-66 Bangalore-Kochi,12.5085,77.8911,2026-03-26T18:15:56.481728,57.3,110,0,0,0,24140,0,10.9,30.4,Clear,0.42700000000000005,0.55,0.0218
NH-66 Bangalore-Kochi,12.927800000000001,77.4064,2026-03-26T18:15:56.481728,51.0,176,1,0,0,24140,0,10.9,30.4,Clear,0.49,0.88,0.0218
NH-66 Bangalore-Kochi,13.256300000000001,77.2876,2026-03-26T18:15:56.481728,86.8,149,0,0,0,24140,0,10.9,30.4,Clear,0.13200000000000003,0.745,0.0218
NH-66 Bangalore-Kochi,13.0572,77.313,2026-03-26T18:15:56.481728,65.8,102,0,0,0,24140,0,10.9,30.4,Clear,0.342,0.51,0.0218
NH-66 Bangalore-Kochi,12.951600000000001,77.929,2026-03-26T18:15:56.481728,59.3,82,0,0,0,24140,0,10.9,30.4,Clear,0.40700000000000003,0.41,0.0218
NH-66 Bangalore-Kochi,13.3325,77.9524,2026-03-26T18:15:56.481728,94.2,127,0,0,0,24140,0,10.9,30.4,Clear,0.05799999999999997,0.635,0.0218
NH-66 Bangalore-Kochi,13.3553,77.7529,2026-03-26T18:15:56.481728,69.9,133,0,0,0,24140,0,10.9,30.4,Clear,0.30099999999999993,0.665,0.0218
NH-66 Bangalore-Kochi,12.6263,77.9553,2026-03-26T18:15:56.481728,48.3,137,0,0,0,24140,0,10.9,30.4,Clear,0.517,0.685,0.0218
NH-66 Bangalore-Kochi,12.754800000000001,77.52289999999999,2026-03-26T18:15:56.481728,68.3,173,0,0,0,24140,0,10.9,30.4,Clear,0.317,0.865,0.0218
NH-66 Bangalore-Kochi,12.921700000000001,77.2659,2026-03-26T18:15:56.481728,46.4,154,0,0,0,24140,0,10.9,30.4,Clear,0.536,0.77,0.0218
NH-66 Bangalore-Kochi,13.4407,77.8408,2026-03-26T18:15:56.481728,85.8,116,0,0,0,24140,0,10.9,30.4,Clear,0.14200000000000002,0.58,0.0218
NH-66 Bangalore-Kochi,12.665000000000001,77.115,2026-03-26T18:15:56.481728,53.5,87,1,0,0,24140,0,10.9,30.4,Clear,0.465,0.435,0.0218
NH-66 Bangalore-Kochi,13.378,77.2281,2026-03-26T18:15:56.481728,85.3,148,0,0,0,24140,0,10.9,30.4,Clear,0.14700000000000002,0.74,0.0218
NH-66 Bangalore-Kochi,12.9532,77.4546,2026-03-26T18:15:56.481728,65.5,99,0,0,0,24140,0,10.9,30.4,Clear,0.345,0.495,0.0218
NH-66 Bangalore-Kochi,13.1797,77.9639,2026-03-26T18:15:56.481728,51.0,104,0,0,0,24140,0,10.9,30.4,Clear,0.49,0.52,0.0218
NH-66 Bangalore-Kochi,12.759,77.6863,2026-03-26T18:15:56.481728,44.8,170,0,0,0,24140,0,10.9,30.4,Clear,0.552,0.85,0.0218
NH-66 Bangalore-Kochi,12.7148,77.5914,2026-03-26T18:15:56.481728,46.8,97,0,0,0,24140,0,10.9,30.4,Clear,0.532,0.485,0.0218
NH-66 Bangalore-Kochi,12.936300000000001,77.9637,2026-03-26T18:15:56.481728,54.7,129,0,0,0,24140,0,10.9,30.4,Clear,0.45299999999999996,0.645,0.0218
NH-66 Bangalore-Kochi,12.597100000000001,77.2422,2026-03-26T18:15:56.481728,64.7,89,0,0,0,24140,0,10.9,30.4,Clear,0.353,0.445,0.0218
NH-66 Bangalore-Kochi,12.5965,77.4766,2026-03-26T18:15:56.481728,67.5,135,0,0,0,24140,0,10.9,30.4,Clear,0.325,0.675,0.0218
NH-66 Bangalore-Kochi,12.917200000000001,77.2096,2026-03-26T18:15:56.481728,47.1,140,0,0,0,24140,0,10.9,30.4,Clear,0.529,0.7,0.0218
NH-66 Bangalore-Kochi,12.6462,77.904,2026-03-26T18:15:56.481728,68.7,135,0,0,0,24140,0,10.9,30.4,Clear,0.31299999999999994,0.675,0.0218
NH-66 Bangalore-Kochi,13.318200000000001,77.3375,2026-03-26T18:15:56.481728,43.7,120,0,0,0,24140,0,10.9,30.4,Clear,0.563,0.6,0.0218
NH-66 Bangalore-Kochi,12.8744,77.7436,2026-03-26T18:15:56.481728,60.9,86,0,0,0,24140,0,10.9,30.4,Clear,0.391,0.43,0.0218
NH-66 Bangalore-Kochi,13.2737,78.0358,2026-03-26T18:15:56.481728,41.2,121,1,0,0,24140,0,10.9,30.4,Clear,0.588,0.605,0.0218
NH-66 Bangalore-Kochi,12.7621,77.9572,2026-03-26T18:15:56.481728,64.2,109,0,0,0,24140,0,10.9,30.4,Clear,0.358,0.545,0.0218
NH-66 Bangalore-Kochi,12.915700000000001,78.0343,2026-03-26T18:15:56.481728,64.2,125,0,0,0,24140,0,10.9,30.4,Clear,0.358,0.625,0.0218
NH-66 Bangalore-Kochi,12.663400000000001,77.7127,2026-03-26T18:15:56.481728,38.4,84,0,0,0,24140,0,10.9,30.4,Clear,0.616,0.42,0.0218
NH-66 Bangalore-Kochi,13.220600000000001,77.5593,2026-03-26T18:15:56.481728,43.7,167,0,0,0,24140,0,10.9,30.4,Clear,0.563,0.835,0.0218
NH-66 Bangalore-Kochi,13.411100000000001,77.9967,2026-03-26T18:15:56.481728,60.5,161,1,0,0,24140,0,10.9,30.4,Clear,0.395,0.805,0.0218
NH-66 Bangalore-Kochi,13.1022,77.9096,2026-03-26T18:15:56.481728,66.1,90,0,0,0,24140,0,10.9,30.4,Clear,0.3390000000000001,0.45,0.0218
NH-66 Bangalore-Kochi,13.1989,77.687,2026-03-26T18:15:56.481728,59.2,176,0,0,0,24140,0,10.9,30.4,Clear,0.408,0.88,0.0218
NH-66 Bangalore-Kochi,12.8817,77.1841,2026-03-26T18:15:56.481728,46.6,157,0,0,0,24140,0,10.9,30.4,Clear,0.534,0.785,0.0218
NH-66 Bangalore-Kochi,13.4048,77.2143,2026-03-26T18:15:56.482726,64.8,134,0,0,0,24140,0,10.9,30.4,Clear,0.35200000000000004,0.67,0.0218
NH-66 Bangalore-Kochi,12.9368,77.7766,2026-03-26T18:15:56.482726,72.0,162,0,0,0,24140,0,10.9,30.4,Clear,0.28,0.81,0.0218
NH-66 Bangalore-Kochi,12.7383,77.7886,2026-03-26T18:15:56.482726,25.9,123,0,0,0,24140,0,10.9,30.4,Clear,0.741,0.615,0.0218
NH-66 Bangalore-Kochi,13.073500000000001,77.9611,2026-03-26T18:15:56.482726,63.7,192,0,0,0,24140,0,10.9,30.4,Clear,0.363,0.96,0.0218
NH-66 Bangalore-Kochi,12.7669,77.6503,2026-03-26T18:15:56.482726,76.4,84,0,0,0,24140,0,10.9,30.4,Clear,0.23599999999999993,0.42,0.0218
NH-66 Bangalore-Kochi,13.124500000000001,77.2402,2026-03-26T18:15:56.482726,37.8,197,0,0,0,24140,0,10.9,30.4,Clear,0.622,0.985,0.0218
NH-66 Bangalore-Kochi,12.561300000000001,77.452,2026-03-26T18:15:56.482726,85.2,111,0,0,0,24140,0,10.9,30.4,Clear,0.14799999999999996,0.555,0.0218
NH-66 Bangalore-Kochi,13.3445,77.6266,2026-03-26T18:15:56.482726,39.8,190,0,0,0,24140,0,10.9,30.4,Clear,0.602,0.95,0.0218
NH-66 Bangalore-Kochi,13.1103,77.3576,2026-03-26T18:15:56.482726,57.1,117,0,0,0,24140,0,10.9,30.4,Clear,0.429,0.585,0.0218
NH-66 Bangalore-Kochi,13.2607,78.011,2026-03-26T18:15:56.482726,64.0,194,1,0,0,24140,0,10.9,30.4,Clear,0.36,0.97,0.0218
NH-66 Bangalore-Kochi,12.629900000000001,77.8837,2026-03-26T18:15:56.482726,12.3,168,0,0,0,24140,0,10.9,30.4,Clear,0.877,0.84,0.0218
NH-66 Bangalore-Kochi,13.304300000000001,77.6958,2026-03-26T18:15:56.482726,83.4,97,0,0,0,24140,0,10.9,30.4,Clear,0.16599999999999995,0.485,0.0218
NH-66 Bangalore-Kochi,12.6538,77.6572,2026-03-26T18:15:56.482726,50.4,102,0,0,0,24140,0,10.9,30.4,Clear,0.496,0.51,0.0218
NH-66 Bangalore-Kochi,12.7278,77.9339,2026-03-26T18:15:56.482726,88.3,147,0,0,0,24140,0,10.9,30.4,Clear,0.11700000000000003,0.735,0.0218
NH-66 Bangalore-Kochi,12.5999,78.0292,2026-03-26T18:15:56.482726,42.6,124,1,0,0,24140,0,10.9,30.4,Clear,0.574,0.62,0.0218
NH-66 Bangalore-Kochi,12.5027,77.4559,2026-03-26T18:15:56.482726,57.4,138,0,0,0,24140,0,10.9,30.4,Clear,0.426,0.69,0.0218
NH-66 Bangalore-Kochi,12.9951,77.3938,2026-03-26T18:15:56.482726,59.5,135,1,0,0,24140,0,10.9,30.4,Clear,0.405,0.675,0.0218
NH-66 Bangalore-Kochi,12.97,77.6417,2026-03-26T18:15:56.482726,42.6,146,1,0,0,24140,0,10.9,30.4,Clear,0.574,0.73,0.0218
NH-66 Bangalore-Kochi,13.4194,78.0759,2026-03-26T18:15:56.482726,37.2,167,0,0,0,24140,0,10.9,30.4,Clear,0.628,0.835,0.0218
NH-66 Bangalore-Kochi,13.330300000000001,77.1544,2026-03-26T18:15:56.482726,63.0,90,0,0,0,24140,0,10.9,30.4,Clear,0.37,0.45,0.0218
NH-66 Bangalore-Kochi,12.8085,77.6242,2026-03-26T18:15:56.482726,47.2,127,0,0,0,24140,0,10.9,30.4,Clear,0.528,0.635,0.0218
NH-66 Bangalore-Kochi,13.4417,78.0586,2026-03-26T18:15:56.482726,76.8,148,0,0,0,24140,0,10.9,30.4,Clear,0.23200000000000004,0.74,0.0218
NH-66 Bangalore-Kochi,12.538,77.3353,2026-03-26T18:15:56.482726,37.5,182,0,0,0,24140,0,10.9,30.4,Clear,0.625,0.91,0.0218
NH-66 Bangalore-Kochi,13.0752,77.6245,2026-03-26T18:15:56.482726,70.6,135,0,0,0,24140,0,10.9,30.4,Clear,0.29400000000000004,0.675,0.0218
NH-66 Bangalore-Kochi,13.3114,77.2868,2026-03-26T18:15:56.482726,61.7,97,0,0,0,24140,0,10.9,30.4,Clear,0.38299999999999995,0.485,0.0218
NH-66 Bangalore-Kochi,13.0176,77.4585,2026-03-26T18:15:56.482726,53.7,159,0,0,0,24140,0,10.9,30.4,Clear,0.46299999999999997,0.795,0.0218
NH-16 Chennai-Kolkata,13.578600000000002,80.0861,2026-03-26T18:15:56.482726,43.1,171,0,0,0,24140,0,7.5,28.8,Partly cloudy,0.569,0.855,0.015
NH-16 Chennai-Kolkata,13.0319,80.5139,2026-03-26T18:15:56.482726,80.2,190,1,0,0,24140,0,7.5,28.8,Partly cloudy,0.19799999999999998,0.95,0.015
NH-16 Chennai-Kolkata,12.7063,80.545,2026-03-26T18:15:56.482726,69.4,86,1,0,0,24140,0,7.5,28.8,Partly cloudy,0.30599999999999994,0.43,0.015
NH-16 Chennai-Kolkata,13.494100000000001,80.1183,2026-03-26T18:15:56.482726,77.6,190,1,0,0,24140,0,7.5,28.8,Partly cloudy,0.22400000000000006,0.95,0.015
NH-16 Chennai-Kolkata,13.007900000000001,80.5574,2026-03-26T18:15:56.482726,45.7,147,0,0,0,24140,0,7.5,28.8,Partly cloudy,0.5429999999999999,0.735,0.015
NH-16 Chennai-Kolkata,13.1941,80.7352,2026-03-26T18:15:56.482726,63.1,112,0,0,0,24140,0,7.5,28.8,Partly cloudy,0.369,0.56,0.015
NH-16 Chennai-Kolkata,13.129600000000002,79.8178,2026-03-26T18:15:56.482726,46.8,87,0,0,0,24140,0,7.5,28.8,Partly cloudy,0.532,0.435,0.015
NH-16 Chennai-Kolkata,13.5547,79.9518,2026-03-26T18:15:56.482726,38.0,137,0,0,0,24140,0,7.5,28.8,Partly cloudy,0.62,0.685,0.015
NH-16 Chennai-Kolkata,12.615200000000002,80.361,2026-03-26T18:15:56.482726,61.4,81,0,0,0,24140,0,7.5,28.8,Partly cloudy,0.386,0.405,0.015
NH-16 Chennai-Kolkata,12.965200000000001,79.8634,2026-03-26T18:15:56.482726,55.2,142,0,0,0,24140,0,7.5,28.8,Partly cloudy,0.44799999999999995,0.71,0.015
NH-16 Chennai-Kolkata,13.478000000000002,79.80170000000001,2026-03-26T18:15:56.482726,39.3,118,0,0,0,24140,0,7.5,28.8,Partly cloudy,0.607,0.59,0.015
NH-16 Chennai-Kolkata,13.0601,80.6211,2026-03-26T18:15:56.482726,38.7,112,0,0,0,24140,0,7.5,28.8,Partly cloudy,0.613,0.56,0.015
NH-16 Chennai-Kolkata,13.0242,80.6949,2026-03-26T18:15:56.482726,70.5,121,0,0,0,24140,0,7.5,28.8,Partly cloudy,0.295,0.605,0.015
NH-16 Chennai-Kolkata,12.650200000000002,80.2707,2026-03-26T18:15:56.482726,46.7,117,0,0,0,24140,0,7.5,28.8,Partly cloudy,0.5329999999999999,0.585,0.015
NH-16 Chennai-Kolkata,12.6216,80.045,2026-03-26T18:15:56.482726,48.1,109,0,0,0,24140,0,7.5,28.8,Partly cloudy,0.519,0.545,0.015
NH-16 Chennai-Kolkata,13.176400000000001,80.165,2026-03-26T18:15:56.482726,75.0,144,0,0,0,24140,0,7.5,28.8,Partly cloudy,0.25,0.72,0.015
NH-16 Chennai-Kolkata,13.1294,80.15190000000001,2026-03-26T18:15:56.482726,75.5,176,0,0,0,24140,0,7.5,28.8,Partly cloudy,0.245,0.88,0.015
NH-16 Chennai-Kolkata,12.863600000000002,79.97970000000001,2026-03-26T18:15:56.482726,40.0,101,0,0,0,24140,0,7.5,28.8,Partly cloudy,0.6,0.505,0.015
NH-16 Chennai-Kolkata,12.792700000000002,80.48440000000001,2026-03-26T18:15:56.482726,85.6,112,0,0,0,24140,0,7.5,28.8,Partly cloudy,0.14400000000000004,0.56,0.015
NH-16 Chennai-Kolkata,13.524600000000001,80.3983,2026-03-26T18:15:56.482726,56.5,198,0,0,0,24140,0,7.5,28.8,Partly cloudy,0.435,0.99,0.015
NH-16 Chennai-Kolkata,13.148000000000001,80.25250000000001,2026-03-26T18:15:56.482726,44.5,80,0,0,0,24140,0,7.5,28.8,Partly cloudy,0.555,0.4,0.015
NH-16 Chennai-Kolkata,12.912500000000001,80.1616,2026-03-26T18:15:56.482726,45.4,163,0,0,0,24140,0,7.5,28.8,Partly cloudy,0.546,0.815,0.015
NH-16 Chennai-Kolkata,13.0746,79.8289,2026-03-26T18:15:56.482726,22.6,110,0,0,0,24140,0,7.5,28.8,Partly cloudy,0.774,0.55,0.015
NH-16 Chennai-Kolkata,13.0868,79.95700000000001,2026-03-26T18:15:56.482726,60.0,150,0,0,0,24140,0,7.5,28.8,Partly cloudy,0.4,0.75,0.015
NH-16 Chennai-Kolkata,12.8756,80.11160000000001,2026-03-26T18:15:56.482726,42.6,126,0,0,0,24140,0,7.5,28.8,Partly cloudy,0.574,0.63,0.015
NH-16 Chennai-Kolkata,13.3519,80.0241,2026-03-26T18:15:56.482726,69.8,189,0,0,0,24140,0,7.5,28.8,Partly cloudy,0.30200000000000005,0.945,0.015
NH-16 Chennai-Kolkata,13.192900000000002,79.9727,2026-03-26T18:15:56.482726,58.7,149,0,0,0,24140,0,7.5,28.8,Partly cloudy,0.413,0.745,0.015
NH-16 Chennai-Kolkata,12.8771,80.1366,2026-03-26T18:15:56.482726,64.4,123,1,0,0,24140,0,7.5,28.8,Partly cloudy,0.3559999999999999,0.615,0.015
NH-16 Chennai-Kolkata,13.3686,80.60650000000001,2026-03-26T18:15:56.482726,49.2,164,0,0,0,24140,0,7.5,28.8,Partly cloudy,0.508,0.82,0.015
NH-16 Chennai-Kolkata,13.440100000000001,80.3917,2026-03-26T18:15:56.482726,59.7,101,0,0,0,24140,0,7.5,28.8,Partly cloudy,0.40299999999999997,0.505,0.015
NH-16 Chennai-Kolkata,12.9428,79.85340000000001,2026-03-26T18:15:56.482726,44.5,172,0,0,0,24140,0,7.5,28.8,Partly cloudy,0.555,0.86,0.015
NH-16 Chennai-Kolkata,13.148000000000001,80.15400000000001,2026-03-26T18:15:56.482726,66.0,174,0,0,0,24140,0,7.5,28.8,Partly cloudy,0.34,0.87,0.015
NH-16 Chennai-Kolkata,13.0332,80.415,2026-03-26T18:15:56.482726,44.2,142,0,0,0,24140,0,7.5,28.8,Partly cloudy,0.5579999999999999,0.71,0.015
NH-16 Chennai-Kolkata,13.202300000000001,79.9775,2026-03-26T18:15:56.482726,67.5,193,0,0,0,24140,0,7.5,28.8,Partly cloudy,0.325,0.965,0.015
NH-16 Chennai-Kolkata,13.437800000000001,80.4822,2026-03-26T18:15:56.482726,67.5,171,0,0,0,24140,0,7.5,28.8,Partly cloudy,0.325,0.855,0.015
NH-16 Chennai-Kolkata,13.1867,80.7275,2026-03-26T18:15:56.482726,39.5,154,0,0,0,24140,0,7.5,28.8,Partly cloudy,0.605,0.77,0.015
NH-16 Chennai-Kolkata,13.1743,80.6945,2026-03-26T18:15:56.482726,59.4,184,1,0,0,24140,0,7.5,28.8,Partly cloudy,0.406,0.92,0.015
NH-16 Chennai-Kolkata,12.6743,80.4251,2026-03-26T18:15:56.482726,49.6,199,0,0,0,24140,0,7.5,28.8,Partly cloudy,0.504,0.995,0.015
NH-16 Chennai-Kolkata,13.492700000000001,80.7158,2026-03-26T18:15:56.482726,79.1,133,0,0,0,24140,0,7.5,28.8,Partly cloudy,0.20900000000000005,0.665,0.015
NH-16 Chennai-Kolkata,13.081100000000001,79.866,2026-03-26T18:15:56.482726,76.7,192,0,0,0,24140,0,7.5,28.8,Partly cloudy,0.23299999999999998,0.96,0.015
NH-16 Chennai-Kolkata,13.3291,79.912,2026-03-26T18:15:56.482726,53.4,136,0,0,0,24140,0,7.5,28.8,Partly cloudy,0.466,0.68,0.015
NH-16 Chennai-Kolkata,13.1987,79.8865,2026-03-26T18:15:56.482726,43.3,111,0,0,0,24140,0,7.5,28.8,Partly cloudy,0.5670000000000001,0.555,0.015
NH-16 Chennai-Kolkata,13.043800000000001,80.3559,2026-03-26T18:15:56.482726,56.1,90,0,0,0,24140,0,7.5,28.8,Partly cloudy,0.439,0.45,0.015
NH-16 Chennai-Kolkata,13.0548,80.27470000000001,2026-03-26T18:15:56.482726,81.9,83,0,0,0,24140,0,7.5,28.8,Partly cloudy,0.18099999999999994,0.415,0.015
NH-16 Chennai-Kolkata,12.616200000000001,80.727,2026-03-26T18:15:56.482726,42.0,104,0,0,0,24140,0,7.5,28.8,Partly cloudy,0.58,0.52,0.015
NH-16 Chennai-Kolkata,13.533100000000001,80.6008,2026-03-26T18:15:56.482726,63.3,126,0,0,0,24140,0,7.5,28.8,Partly cloudy,0.36700000000000005,0.63,0.015
NH-16 Chennai-Kolkata,13.504800000000001,80.5882,2026-03-26T18:15:56.482726,73.4,195,0,0,0,24140,0,7.5,28.8,Partly cloudy,0.26599999999999996,0.975,0.015
NH-16 Chennai-Kolkata,12.7271,80.0266,2026-03-26T18:15:56.482726,63.0,80,0,0,0,24140,0,7.5,28.8,Partly cloudy,0.37,0.4,0.015
NH-16 Chennai-Kolkata,13.036100000000001,80.5451,2026-03-26T18:15:56.482726,68.0,125,0,0,0,24140,0,7.5,28.8,Partly cloudy,0.32,0.625,0.015
NH-16 Chennai-Kolkata,12.6082,80.4238,2026-03-26T18:15:56.482726,48.7,173,0,0,0,24140,0,7.5,28.8,Partly cloudy,0.513,0.865,0.015
NH-16 Chennai-Kolkata,12.872300000000001,80.4642,2026-03-26T18:15:56.482726,56.3,176,1,0,0,24140,0,7.5,28.8,Partly cloudy,0.43700000000000006,0.88,0.015
NH-16 Chennai-Kolkata,12.695300000000001,80.0809,2026-03-26T18:15:56.482726,89.5,90,0,0,0,24140,0,7.5,28.8,Partly cloudy,0.105,0.45,0.015
NH-16 Chennai-Kolkata,12.7589,79.9757,2026-03-26T18:15:56.482726,46.5,96,1,0,0,24140,0,7.5,28.8,Partly cloudy,0.535,0.48,0.015
NH-16 Chennai-Kolkata,13.2149,80.6838,2026-03-26T18:15:56.482726,34.9,180,0,0,0,24140,0,7.5,28.8,Partly cloudy,0.6509999999999999,0.9,0.015
NH-16 Chennai-Kolkata,13.3267,80.1988,2026-03-26T18:15:56.482726,44.0,162,0,0,0,24140,0,7.5,28.8,Partly cloudy,0.56,0.81,0.015
NH-16 Chennai-Kolkata,13.5183,80.1594,2026-03-26T18:15:56.482726,49.7,127,0,0,0,24140,0,7.5,28.8,Partly cloudy,0.503,0.635,0.015
NH-16 Chennai-Kolkata,13.2765,79.8322,2026-03-26T18:15:56.482726,57.5,132,0,0,0,24140,0,7.5,28.8,Partly cloudy,0.425,0.66,0.015
NH-16 Chennai-Kolkata,13.259500000000001,80.39200000000001,2026-03-26T18:15:56.482726,21.5,152,0,0,0,24140,0,7.5,28.8,Partly cloudy,0.785,0.76,0.015
NH-16 Chennai-Kolkata,13.057200000000002,79.8999,2026-03-26T18:15:56.482726,58.8,115,0,0,0,24140,0,7.5,28.8,Partly cloudy,0.41200000000000003,0.575,0.015
NH-16 Chennai-Kolkata,12.607000000000001,80.38600000000001,2026-03-26T18:15:56.482726,53.4,197,0,0,0,24140,0,7.5,28.8,Partly cloudy,0.466,0.985,0.015
NH-16 Chennai-Kolkata,13.218300000000001,80.19340000000001,2026-03-26T18:15:56.482726,48.1,95,0,0,0,24140,0,7.5,28.8,Partly cloudy,0.519,0.475,0.015
NH-16 Chennai-Kolkata,13.3985,79.83970000000001,2026-03-26T18:15:56.482726,48.0,123,0,0,0,24140,0,7.5,28.8,Partly cloudy,0.52,0.615,0.015
NH-16 Chennai-Kolkata,12.9739,80.0811,2026-03-26T18:15:56.482726,67.2,120,0,0,0,24140,0,7.5,28.8,Partly cloudy,0.32799999999999996,0.6,0.015
NH-16 Chennai-Kolkata,13.218000000000002,79.8281,2026-03-26T18:15:56.482726,38.6,88,0,0,0,24140,0,7.5,28.8,Partly cloudy,0.614,0.44,0.015
NH-16 Chennai-Kolkata,12.830100000000002,80.62490000000001,2026-03-26T18:15:56.482726,38.4,198,0,0,0,24140,0,7.5,28.8,Partly cloudy,0.616,0.99,0.015
NH-16 Chennai-Kolkata,13.5058,79.8936,2026-03-26T18:15:56.482726,57.2,149,0,0,0,24140,0,7.5,28.8,Partly cloudy,0.428,0.745,0.015
NH-16 Chennai-Kolkata,12.7368,80.5848,2026-03-26T18:15:56.482726,65.4,136,0,0,0,24140,0,7.5,28.8,Partly cloudy,0.3459999999999999,0.68,0.015
NH-16 Chennai-Kolkata,12.612300000000001,80.3626,2026-03-26T18:15:56.482726,45.4,121,0,0,0,24140,0,7.5,28.8,Partly cloudy,0.546,0.605,0.015
NH-16 Chennai-Kolkata,13.4724,80.6389,2026-03-26T18:15:56.482726,43.6,165,0,0,0,24140,0,7.5,28.8,Partly cloudy,0.564,0.825,0.015
NH-16 Chennai-Kolkata,13.310400000000001,80.5083,2026-03-26T18:15:56.482726,74.2,192,0,0,0,24140,0,7.5,28.8,Partly cloudy,0.25799999999999995,0.96,0.015
NH-16 Chennai-Kolkata,12.606000000000002,80.74690000000001,2026-03-26T18:15:56.482726,62.4,98,0,0,0,24140,0,7.5,28.8,Partly cloudy,0.376,0.49,0.015
NH-16 Chennai-Kolkata,13.500300000000001,79.97250000000001,2026-03-26T18:15:56.482726,35.1,120,0,0,0,24140,0,7.5,28.8,Partly cloudy,0.649,0.6,0.015
NH-16 Chennai-Kolkata,13.546600000000002,80.1375,2026-03-26T18:15:56.482726,42.1,85,0,0,0,24140,0,7.5,28.8,Partly cloudy,0.579,0.425,0.015
NH-16 Chennai-Kolkata,13.102500000000001,80.1991,2026-03-26T18:15:56.482726,66.1,110,0,0,0,24140,0,7.5,28.8,Partly cloudy,0.3390000000000001,0.55,0.015
NH-16 Chennai-Kolkata,12.666500000000001,80.0886,2026-03-26T18:15:56.482726,31.4,86,0,0,0,24140,0,7.5,28.8,Partly cloudy,0.6859999999999999,0.43,0.015
NH-16 Chennai-Kolkata,13.070500000000001,80.7669,2026-03-26T18:15:56.482726,71.8,194,0,0,0,24140,0,7.5,28.8,Partly cloudy,0.28200000000000003,0.97,0.015
NH-16 Chennai-Kolkata,12.8489,80.2823,2026-03-26T18:15:56.482726,52.0,161,0,0,0,24140,0,7.5,28.8,Partly cloudy,0.48,0.805,0.015
NH-16 Chennai-Kolkata,13.330400000000001,80.3861,2026-03-26T18:15:56.482726,46.2,107,0,0,0,24140,0,7.5,28.8,Partly cloudy,0.5379999999999999,0.535,0.015
NH-16 Chennai-Kolkata,13.333400000000001,80.12320000000001,2026-03-26T18:15:56.482726,73.3,147,0,0,0,24140,0,7.5,28.8,Partly cloudy,0.267,0.735,0.015
NH-16 Chennai-Kolkata,13.582,80.54390000000001,2026-03-26T18:15:56.482726,44.1,120,0,0,0,24140,0,7.5,28.8,Partly cloudy,0.5589999999999999,0.6,0.015
NH-16 Chennai-Kolkata,13.384400000000001,80.6554,2026-03-26T18:15:56.482726,34.4,85,0,0,0,24140,0,7.5,28.8,Partly cloudy,0.6559999999999999,0.425,0.015
NH-16 Chennai-Kolkata,12.939,80.1897,2026-03-26T18:15:56.482726,76.5,104,0,0,0,24140,0,7.5,28.8,Partly cloudy,0.235,0.52,0.015
NH-16 Chennai-Kolkata,13.135000000000002,80.5874,2026-03-26T18:15:56.482726,33.5,128,0,0,0,24140,0,7.5,28.8,Partly cloudy,0.665,0.64,0.015
NH-16 Chennai-Kolkata,12.638800000000002,80.2977,2026-03-26T18:15:56.482726,50.1,134,0,0,0,24140,0,7.5,28.8,Partly cloudy,0.499,0.67,0.015
NH-16 Chennai-Kolkata,13.182400000000001,80.4907,2026-03-26T18:15:56.482726,52.7,114,0,0,0,24140,0,7.5,28.8,Partly cloudy,0.473,0.57,0.015
NH-16 Chennai-Kolkata,13.1699,80.3049,2026-03-26T18:15:56.482726,58.8,147,0,0,0,24140,0,7.5,28.8,Partly cloudy,0.41200000000000003,0.735,0.015
NH-16 Chennai-Kolkata,13.1339,80.4466,2026-03-26T18:15:56.482726,64.1,93,0,0,0,24140,0,7.5,28.8,Partly cloudy,0.35900000000000004,0.465,0.015
NH-16 Chennai-Kolkata,12.860700000000001,80.61590000000001,2026-03-26T18:15:56.482726,60.2,185,0,0,0,24140,0,7.5,28.8,Partly cloudy,0.39799999999999996,0.925,0.015
NH-16 Chennai-Kolkata,13.198300000000001,80.2442,2026-03-26T18:15:56.482726,68.0,108,0,0,0,24140,0,7.5,28.8,Partly cloudy,0.32,0.54,0.015
NH-16 Chennai-Kolkata,12.8688,80.03,2026-03-26T18:15:56.482726,61.6,121,0,0,0,24140,0,7.5,28.8,Partly cloudy,0.384,0.605,0.015
NH-16 Chennai-Kolkata,13.265500000000001,79.90820000000001,2026-03-26T18:15:56.482726,35.5,81,0,0,0,24140,0,7.5,28.8,Partly cloudy,0.645,0.405,0.015
NH-16 Chennai-Kolkata,12.7047,80.59960000000001,2026-03-26T18:15:56.482726,36.7,153,0,0,0,24140,0,7.5,28.8,Partly cloudy,0.633,0.765,0.015
NH-16 Chennai-Kolkata,13.0653,80.52640000000001,2026-03-26T18:15:56.482726,39.8,130,0,0,0,24140,0,7.5,28.8,Partly cloudy,0.602,0.65,0.015
NH-16 Chennai-Kolkata,13.071700000000002,80.7416,2026-03-26T18:15:56.482726,66.2,131,0,0,0,24140,0,7.5,28.8,Partly cloudy,0.33799999999999997,0.655,0.015
NH-16 Chennai-Kolkata,13.289900000000001,80.6252,2026-03-26T18:15:56.482726,47.6,88,0,0,0,24140,0,7.5,28.8,Partly cloudy,0.524,0.44,0.015
NH-16 Chennai-Kolkata,12.6524,80.03970000000001,2026-03-26T18:15:56.482726,60.0,170,0,0,0,24140,0,7.5,28.8,Partly cloudy,0.4,0.85,0.015
NH-16 Chennai-Kolkata,13.3803,80.4321,2026-03-26T18:15:56.482726,74.2,179,0,0,0,24140,0,7.5,28.8,Partly cloudy,0.25799999999999995,0.895,0.015
NH-16 Chennai-Kolkata,13.0347,79.8558,2026-03-26T18:15:56.482726,60.2,93,0,0,0,24140,0,7.5,28.8,Partly cloudy,0.39799999999999996,0.465,0.015
NH-16 Chennai-Kolkata,12.838600000000001,79.9713,2026-03-26T18:15:56.482726,56.4,108,0,0,0,24140,0,7.5,28.8,Partly cloudy,0.436,0.54,0.015
NH-16 Chennai-Kolkata,13.503,80.6345,2026-03-26T18:15:56.482726,72.6,112,0,0,0,24140,0,7.5,28.8,Partly cloudy,0.2740000000000001,0.56,0.015
